,game_id,start_time,end_time,time_class,rules,white_username,white_result,black_username,black_result,moves,nMoves
0,372626070,04/10/2012 08:56,04/10/2012 9:30,rapid,chess,4135016,win,721450,resigned,"['e4', 'e6', 'd4', 'd5', 'Nd2', 'Be7', 'Ngf3', 'Nf6', 'e5', 'Nfd7', 'Bd3', 'c5', 'c3', 'Nc6', 'O-O', 'g5', 'dxc5', 'g4', 'Nd4', 'Ndxe5', 'Bc2', 'Bxc5', 'Qe2', 'Rg8', 'b4', 'Nxd4', 'cxd4', 'Bxd4', 'Rb1', 'g3', 'Kh1', 'Qh4', 'fxg3', 'Rxg3', 'Rb3', 'Ng4', 'Nf3', 'Qh5', 'Bd1', 'Be5', 'h3', 'Bc7', 'Nh2', 'Rxb3', 'Nxg4', 'Rxh3+', 'gxh3', 'Qxh3+', 'Kg1', 'f5', 'Rxf5', 'Bb6+', 'Be3', 'd4', 'Ba4+', 'Bd7', 'Bxd7+', 'Kxd7', 'Qb5+', 'Ke7', 'Bg5+', 'Kd6', 'Qe5+', 'Kd7', 'Rf7+', '1-0']",66
1,376650570,11/10/2012 08:21,11/10/2012 9:14,rapid,chess,739049,win,14605082,resigned,"['d4', 'Nf6', 'Nf3', 'g6', 'c4', 'Bg7', 'g3', 'O-O', 'Bg2', 'd6', 'O-O', 'Nc6', 'Nc3', 'a6', 'Qd3', 'Bf5', 'e4', 'Bg4', 'Be3', 'Nd7', 'Ne1', 'e5', 'd5', 'Nd4', 'f3', 'Nc5', 'Qd1', 'Bc8', 'Nc2', 'Nxc2', 'Qxc2', 'a5', 'a3', 'Bd7', 'b4', 'axb4', 'axb4', 'Na6', 'Rab1', 'f5', 'c5', 'Rf7', 'c6', 'bxc6', 'dxc6', 'Be6', 'Rfd1', 'Qf8', 'Nd5', 'Bh6', 'Bxh6', 'Qxh6', 'Qd2', 'Qxd2', 'Rxd2', 'Bxd5', 'exd5', 'Rb8', 'Rdb2', 'Rb6', 'Bf1', 'e4', 'f4', 'Re7', 'Bxa6', 'Rxa6', 'b5', 'Rb6', 'Ra1', 'e3', 'Kf1', 'Rb8', 'Ra7', 'Kf7', 'Ke2', 'Ke8', 'Rb7', 'Ra8', 'b6', 'cxb6', 'Rxe7+', 'Kxe7', 'Rxb6', 'Ra5', 'Rb7+', 'Kf6', 'Rb8', 'Rc5', 'Rd8', 'Rc2+', 'Kxe3', 'Ke7', 'Rd7+', 'Ke8', 'Rxd6', '1-0']",96
2,593979727,05/09/2013 09:50,05/09/2013 9:54,rapid,chess,910775,win,5039436,resigned,"['e4', 'c5', 'Nf3', 'e6', 'd4', 'cxd4', 'Nxd4', 'Nc6', 'Nc3', 'Qc7', 'f4', 'a6', 'Be2', 'Nxd4', 'Qxd4', 'b5', 'Be3', 'Bb7', 'O-O-O', 'Rc8', 'a3', 'Nf6', 'Bf3', 'Bxa3', 'Rd3', 'Be7', 'Rd2', 'b4', 'Na4', 'O-O', 'Nb6', 'Rcd8', 'e5', 'Bxf3', 'gxf3', 'Nh5', 'Nxd7', 'b3', 'Rhd1', 'Qa5', 'cxb3', 'Bb4', 'Kb1', 'Bxd2', 'Rxd2', 'Qb5', 'Qb6', 'Rfe8', 'Nf6+', 'Nxf6', 'Rxd8', 'Rxd8', 'Qxd8+', 'Ne8', 'Bc5', 'h6', 'Ba3', 'Kh7', 'Qe7', 'Kg6', 'h4', 'Qc6', 'h5+', 'Kxh5', 'Qxf7+', 'g6', 'Bf8', 'Qxf3', 'Qxe8', 'Qxb3', 'Qd8', 'Qc4', 'Qd1+', 'Kh4', 'Bxh6', 'a5', 'Bg5+', 'Kg3', 'Qe1+', 'Kg4', 'Qxa5', 'Qf1+', 'Ka2', 'Qc4+', 'Ka3', 'Qd3+', 'b3', '1-0']",88
3,613859708,03/10/2013 08:44,03/10/2013 9:03,rapid,chess,14501848,repetition,24152757,repetition,"['e4', 'Nf6', 'e5', 'Nd5', 'd4', 'd6', 'Nf3', 'g6', 'Bc4', 'c6', 'O-O', 'dxe5', 'Nxe5', 'Bg7', 'Re1', 'O-O', 'Bb3', 'Bf5', 'Nd2', 'Nd7', 'Ndf3', 'Nxe5', 'Nxe5', 'a5', 'a3', 'a4', 'Ba2', 'Be6', 'Qe2', 'Nc7', 'Bxe6', 'Nxe6', 'c3', 'Qd5', 'Nc4', 'Qb5', 'Be3', 'Rad8', 'Rad1', 'Rd5', 'Bc1', 'Rfd8', 'Ne3', 'Qxe2', 'Rxe2', 'R5d7', 'Nc4', 'b5', 'Ne5', 'Rd6', 'Rde1', 'c5', 'dxc5', 'Nxc5', 'Bf4', 'Ne6', 'Bg3', 'Rd1', 'Kf1', 'Bh6', 'Nc6', 'Rxe1+', 'Kxe1', 'Rd7', 'Re5', 'Rb7', 'f3', 'Kf8', 'Bf2', 'Bf4', 'Rd5', 'Bc1', 'Na5', 'Rb8', 'Nc6', 'Rb7', 'Na5', 'Rb8', 'Nc6', 'Rb7', '1/2-1/2']",81
4,634471928,10/31/2013 09:08,31/10/2013 9:38,rapid,chess,3502759,win,1104543,resigned,"['d4', 'Nf6', 'c4', 'e6', 'Nf3', 'c5', 'd5', 'd6', 'Nc3', 'exd5', 'cxd5', 'g6', 'Bf4', 'a6', 'a4', 'Bg7', 'h3', 'Qe7', 'Nd2', 'Nbd7', 'e3', 'Ne5', 'Be2', 'O-O', 'O-O', 'Ne8', 'Bh2', 'f5', 'Re1', 'Nf6', 'Rb1', 'Qc7', 'Bxe5', 'dxe5', 'Nc4', 'e4', 'Qb3', 'Kh8', 'Red1', 'Rb8', 'a5', 'Qf7', 'Na4', 'Nd7', 'Nab6', 'Qe7', 'd6', 'Qf7', 'Qc2', 'f4', 'Bf1', 'fxe3', 'fxe3', 'Nxb6', 'Nxb6', 'Be6', 'Bc4', 'Rbd8', 'Bxe6', 'Qxe6', 'Qxc5', 'Be5', 'd7', 'Qf5', 'Kh1', 'Qg5', 'Rd5', 'Rf5', 'Nc4', 'Bb8', 'Rxf5', 'gxf5', 'Rd1', 'Qg3', 'Nd6', 'Rf8', 'Qc8', 'Qg8', 'Qxf8', 'Qxf8', 'd8=Q', '1-0']",82
5,https://www.chess.com/daily/game/30400944,04/30/2010 03:02,05/02/2010 3:02,daily,chess,2218542,win,5025095,timeout,"['e4', 'e5', 'Nf3', 'Nc6', 'Nc3', '1-0']",6
6,https://www.chess.com/daily/game/30400926,04/11/2010 02:02,07/02/2010 2:02,daily,chess,1661140,timeout,14121310,win,"['e4', 'c5', '0-1']",3
7,1146748428,09/05/2015 19:13,09/05/2015 19:15,bullet,chess,5212510,win,4154029,timeout,"['e4', 'b6', 'd4', 'Bb7', 'Nc3', 'e6', 'Nf3', 'Nf6', 'Bd3', 'c5', 'e5', 'Nd5', 'Ne4', 'd6', 'c4', 'Nc7', 'dxc5', 'bxc5', 'O-O', 'dxe5', 'Nxe5', 'Nc6', 'Nf3', 'Nd4', 'Ne5', 'Bd6', 'Nxd6+', 'Qxd6', 'Bf4', 'Qe7', 'Qg4', 'Nf5', 'Bxf5', 'exf5', 'Qxg7', 'O-O-O', 'Qxf7', 'Qxf7', 'Nxf7', 'Ne6', 'Nxh8', 'Rxh8', 'Be5', 'Rg8', 'g3', 'Nd4', 'Bxd4', 'cxd4', 'Rad1', 'f4', 'Rxd4', 'fxg3', 'fxg3', 'h5', 'Rf7', 'h4', 'Rxh4', 'Re8', 'Kf2', 'Rd8', 'Ke3', 'Re8+', 'Kd2', 'Bg2', 'Rhh7', 'Rd8+', 'Kc3', 'Be4', 'Rhg7', 'Re8', 'Rxa7', 'Kd8', 'Rgd7+', 'Kc8', 'Rac7+', 'Kb8', 'Re7', '1-0']",78
8,1146773175,09/05/2015 19:42,09/05/2015 19:44,bullet,chess,11608765,win,302783,resigned,"['g3', 'e5', 'Bg2', 'd5', 'd3', 'Nf6', 'Bg5', 'Nc6', 'Bxf6', 'gxf6', 'c3', 'Bf5', 'Qb3', 'Na5', 'Qa4+', 'c6', 'b4', '1-0']",18
9,1146774115,09/05/2015 19:45,09/05/2015 19:47,bullet,chess,723916,timeout,14900440,win,"['d4', 'e6', 'c4', 'f5', 'Nc3', 'Nf6', 'f3', 'd6', 'Bg5', 'Be7', 'e3', 'O-O', 'Bd3', 'c6', 'Nge2', 'Qe8', 'Qc2', 'g6', 'O-O-O', 'a5', 'Rdg1', 'Na6', 'a3', 'e5', 'h4', 'Nh5', 'g4', 'fxg4', 'fxg4', 'Ng7', 'Bh6', 'exd4', 'Nxd4', 'Bf6', 'h5', 'g5', 'Bxh7+', 'Kh8', 'Bg6', 'Qxe3+', 'Kb1', 'Qxd4', 'Rd1', 'Qe5', 'Rhe1', 'Qf4', 'Re4', 'Qf3', 'Rxd6', 'Bxg4', 'Rxf6', 'Qxf6', 'Re1', 'Nc5', 'Qe2', 'Bxe2', 'Rxe2', 'Qf1+', 'Ka2', 'Qxe2', '0-1']",61
10,1146776713,09/05/2015 19:47,09/05/2015 19:49,bullet,chess,3521044,win,4113004,checkmated,"['e4', 'e5', 'd4', 'Nc6', 'd5', 'Nce7', 'Nc3', 'Ng6', 'f4', 'h6', 'f5', 'N6e7', 'Nf3', 'a6', 'Nxe5', 'f6', 'Qh5+', 'g6', 'fxg6', 'Bg7', 'Nf7', 'd6', 'Nxd8', 'Kxd8', 'Bc4', 'Bd7', 'O-O', 'b5', 'Bb3', 'Rb8', 'Be3', 'Kc8', 'a4', 'Rb7', 'axb5', 'axb5', 'Ra8+', 'Rb8', 'Rfa1', 'c5', 'dxc6', 'Bxc6', 'Rxb8+', 'Kxb8', 'Nd5', 'Bxd5', 'exd5', 'Kc7', 'Qe2', 'Nf5', 'Qxb5', 'Nxe3', 'Qc6+', 'Kd8', 'Ra8+', 'Ke7', 'Re8#', '1-0']",58
11,1146779863,09/05/2015 19:51,09/05/2015 19:53,bullet,chess,4608780,timeout,12418978,win,"['Nc3', 'e6', 'Nf3', 'd5', 'e4', 'd4', 'Ne2', 'c5', 'c3', 'Nc6', 'cxd4', 'cxd4', 'Qa4', 'Bc5', 'b4', 'Bb6', 'b5', 'Nce7', 'Nexd4', 'Nf6', 'd3', 'O-O', 'Be2', 'a6', 'Qb3', 'e5', 'Nc2', 'a5', 'O-O', 'Be6', 'Qb1', 'Nd7', 'd4', 'exd4', 'Ncxd4', 'Bg4', 'Be3', 'Ng6', 'Nf5', 'Bxe3', 'Nxe3', 'Be6', 'Nd4', 'Qe7', 'Ndf5', 'Bxf5', 'Nxf5', 'Qe5', 'Bf3', 'Nf6', 'Qc1', 'Qxb5', 'Rb1', 'Qd7', 'Rd1', 'Qe6', 'Rxb7', 'Nxe4', 'Re1', 'Qxf5', 'Bxe4', 'Qg4', 'Rb3', 'Rae8', 'Rg3', 'Qh5', 'Bf3', 'Qb5', '0-1']",69
12,1146782546,09/05/2015 19:55,09/05/2015 19:57,bullet,chess,4163109,win,2922029,checkmated,"['e4', 'c6', 'd4', 'd5', 'e5', 'Bf5', 'g4', 'Bg6', 'h4', 'h6', 'h5', 'Bh7', 'e6', 'fxe6', 'Bd3', 'Bxd3', 'Qxd3', 'Kd7', 'Nf3', 'Nf6', 'Ne5+', 'Kc7', 'Nc3', 'Qe8', 'Bf4', 'Kc8', 'O-O-O', 'Nbd7', 'Ng6', 'Rg8', 'f3', 'Nh7', 'Rhe1', 'e5', 'dxe5', 'e6', 'Nxd5', 'cxd5', 'Qc3+', 'Kb8', 'Rd4', 'Nb6', 'a4', 'Be7', 'a5', 'Nc8', 'a6', 'Qc6', 'Qd3', 'b6', 'Nxe7', 'Nxe7', 'Qxh7', 'Qd7', 'Re3', 'Kc7', 'Rc3+', 'Nc6', 'b4', 'b5', 'Rc5', 'Raf8', 'Rxb5', 'Nxd4', 'Rc5+', 'Nc6', 'b5', 'Rh8', 'Qd3', 'Rxf4', 'Rxc6+', 'Qxc6', 'bxc6', 'Kxc6', 'Qc3+', 'Kd7', 'Qa5', 'Rhf8', 'Qb5+', 'Kd8', 'Qb8+', 'Ke7', 'Qxa7+', 'Ke8', 'Qb8+', 'Kf7', 'Qd6', 'Kg8', 'a7', 'R4f7', 'Qxe6', 'Ra8', 'Qxd5', 'Rxa7', 'e6', 'Rfc7', 'e7+', 'Kh7', 'e8=Q', 'Rxc2+', 'Kxc2', 'Rf7', 'Kb3', 'g5', 'Qdxf7#', '1-0']",106
13,1146785662,09/05/2015 19:58,09/05/2015 20:00,bullet,chess,4194950,win,311235,resigned,"['g3', 'e5', 'Bg2', 'f5', 'e3', 'Nf6', 'Ne2', 'd5', 'O-O', 'Be6', 'd4', 'e4', 'c4', 'c6', 'Nbc3', 'Bd6', 'cxd5', 'cxd5', 'Nf4', 'Bf7', 'Qa4+', 'Nc6', 'Nb5', 'Bxf4', 'gxf4', 'O-O', 'Bh3', 'a6', 'Nc3', 'Be6', 'Kh1', 'Kh8', 'Rg1', 'b5', 'Qc2', 'Rc8', 'Qe2', 'Nb4', 'a3', 'Nd3', 'Rg5', 'Qd7', 'b4', 'a5', 'Bd2', 'axb4', 'axb4', 'Nxb4', 'Rb1', 'Nd3', 'Rxb5', 'Rxc3', 'Bxc3', 'Qxb5', 'Bxf5', 'Bxf5', 'Rxf5', 'Qb1+', 'Kg2', 'g6', 'Rg5', 'Qc1', 'Bd2', 'Qc2', 'Kf1', 'Ra8', 'Be1', 'Qc3', 'Bxc3', 'Nc1', 'Qb2', '1-0']",72
14,1146788031,09/05/2015 20:01,09/05/2015 20:03,bullet,chess,5044596,win,4185676,checkmated,"['e4', 'e5', 'Nf3', 'Nc6', 'Bc4', 'Nf6', 'Ng5', 'd5', 'exd5', 'Na5', 'Bb5+', 'c6', 'dxc6', 'bxc6', 'Be2', 'Be7', 'd3', 'O-O', 'Nc3', 'h6', 'Nge4', 'Nxe4', 'dxe4', 'Qxd1+', 'Bxd1', 'Bb7', 'O-O', 'c5', 'b3', 'c4', 'Bb2', 'cxb3', 'axb3', 'Nc6', 'Nd5', 'Bd6', 'Be2', 'Rfe8', 'Bb5', 'a6', 'Ba4', 'Red8', 'Rfd1', 'Nb4', 'c4', 'Nxd5', 'exd5', 'f6', 'Rac1', 'a5', 'c5', 'Bf8', 'd6', 'Rac8', 'c6', 'Ba6', 'd7', 'Rc7', 'Bc3', 'Bb4', 'Bxb4', 'axb4', 'f4', 'exf4', 'Kf2', 'Kf7', 'Rc5', 'Rdxd7', 'Rxd7+', 'Rxd7', 'cxd7', 'Ke7', 'Ra5', 'Bb7', 'Ra7', 'Bc6', 'Bxc6', 'Kd6', 'Ra8', 'Kxc6', 'd8=Q', 'Kb5', 'Qg8', 'Kc5', 'Qxg7', 'Kd4', 'Qxh6', 'Kc3', 'Qxf6+', 'Kxb3', 'Qxf4', 'Kc2', 'Qxb4', 'Kd3', 'Ra3+', 'Kc2', 'Qc3+', 'Kb1', 'Ra1#', '1-0']",100
15,1146790658,09/05/2015 20:04,09/05/2015 20:06,bullet,chess,4132602,win,2078341,checkmated,"['e4', 'd6', 'd4', 'Nf6', 'Nc3', 'g6', 'h4', 'Bg7', 'h5', 'Nxh5', 'g4', 'Nf6', 'g5', 'Nfd7', 'f4', 'e5', 'dxe5', 'dxe5', 'f5', 'Nc6', 'f6', 'Bf8', 'Bc4', 'Nb6', 'Qxd8+', 'Nxd8', 'Bb3', 'Be6', 'Nd5', 'Bd6', 'c4', 'c6', 'Ne3', 'a5', 'a4', 'Bb4+', 'Kf2', 'Nd7', 'Nf3', 'Nc5', 'Bc2', 'b6', 'Nxe5', 'O-O', 'Nf3', 'Ndb7', 'b3', 'Nd6', 'e5', 'Nde4+', 'Kg2', 'Nc3', 'Bb2', 'N5e4', 'Rh4', 'Bf5', 'Nxf5', 'gxf5', 'Rah1', 'Rfd8', 'Rxh7', 'Kf8', 'Rh8#', '1-0']",64
16,1146793129,09/05/2015 20:07,09/05/2015 20:09,bullet,chess,703893,win,2264757,timeout,"['e4', 'c6', 'd4', 'd5', 'e5', 'Bf5', 'g4', 'Bd7', 'f4', 'e6', 'Nf3', 'c5', 'Be3', 'Qb6', 'Nc3', 'Nc6', 'Qd2', 'cxd4', 'Nxd4', 'Nxd4', 'Bxd4', 'Qc7', 'O-O-O', 'a6', 'f5', 'Bb4', 'Bd3', 'Ne7', 'Rhf1', 'O-O-O', 'a3', 'Bxc3', 'Bxc3', 'Kb8', 'Bb4', 'Nc6', 'Bd6', 'Nxe5', 'Bxc7+', 'Kxc7', 'Qf4', 'f6', 'g5', 'exf5', 'gxf6', 'gxf6', 'Bxf5', 'Bxf5', 'Qxf5', 'Kb8', 'Qxf6', 'Rhe8', 'Rfe1', 'Nd7', 'Qd6+', 'Kc8', 'Rxe8', 'Rxe8', 'Qxd5', 'Rd8', 'Qe6', 'Kc7', 'Rd4', 'Rc8', 'Rc4+', 'Kb8', 'Qd6+', '1-0']",68
17,1146795590,09/05/2015 20:09,09/05/2015 20:11,bullet,chess,24126624,checkmated,1210700,win,"['d4', 'd5', 'c4', 'dxc4', 'Nc3', 'c6', 'Bf4', 'Nf6', 'Bd2', 'b5', 'Nf3', 'Bf5', 'e3', 'Nbd7', 'Be2', 'e6', 'O-O', 'Bd6', 'h3', 'O-O', 'Nh2', 'Bxh2+', 'Kxh2', 'Nd5', 'Nxd5', 'exd5', 'g4', 'Bg6', 'f4', 'Be4', 'f5', 'Qc7+', 'Kg1', 'Rfe8', 'Bf3', 'c5', 'Bxe4', 'Rxe4', 'dxc5', 'Nxc5', 'Qf3', 'Rae8', 'g5', 'Nd3', 'Kh1', 'Nxb2', 'f6', 'g6', 'Qf2', 'c3', 'Qh4', 'Rxh4', 'Be1', 'Rxh3+', 'Kg1', 'Qh2#', '0-1']",57
18,1146800292,09/05/2015 20:15,09/05/2015 20:17,bullet,chess,4184424,timeout,11603550,win,"['c4', 'e6', 'Nc3', 'd5', 'e3', 'Nf6', 'Nf3', 'c5', 'b3', 'Nc6', 'Bb2', 'd4', 'exd4', 'cxd4', 'Nb5', 'e5', 'Qe2', 'Bd6', 'Nxd6+', 'Qxd6', 'b4', 'Qxb4', 'Nxe5', 'O-O', 'Rb1', 'Nxe5', 'Qxe5', 'Re8', 'Qxe8+', 'Nxe8', 'Bd3', 'Qc5', 'O-O', 'Be6', 'a3', 'Nd6', 'Rfe1', 'Nxc4', 'Rec1', 'b5', 'a4', 'a6', 'axb5', 'axb5', 'Rc2', 'g6', 'Rbc1', 'Ra4', 'Ba1', 'Rxa1', 'Rxa1', 'Kg7', 'Rac1', 'Qe5', 'h3', 'h5', 'Bxc4', 'bxc4', 'Ra2', 'c3', 'Ra7', 'cxd2', 'Rd1', 'Qe2', 'Raa1', 'Bb3', 'Rxd2', 'Qxd2', 'Rf1', 'Bc4', 'Ra1', 'Qe2', 'Kh2', 'd3', 'Ra7', 'd2', 'Rd7', 'Qe5+', 'g3', 'Qe1', 'Rxd2', 'Qxd2', '0-1']",83
19,1146802361,09/05/2015 20:16,09/05/2015 20:18,bullet,chess,14700204,win,14919311,resigned,"['e4', 'c6', 'd4', 'd5', 'e5', 'Bf5', 'g4', 'Bg6', 'h4', 'h6', 'h5', 'Bh7', 'e6', 'Nf6', 'exf7+', 'Kxf7', 'Bd3', 'Bxd3', 'Qxd3', 'Qd6', 'Nf3', 'Kg8', 'Ne5', 'Nbd7', 'Bf4', 'Nxe5', 'Bxe5', 'Qb4+', 'Nc3', 'Qxb2', 'Rb1', 'Qa3', 'Rxb7', 'e6', 'Bxf6', 'gxf6', 'Qg6+', '1-0']",38
20,1146803279,09/05/2015 20:19,09/05/2015 20:21,bullet,chess,14504928,insufficient,4203593,insufficient,"['g3', 'e5', 'Bg2', 'f5', 'd4', 'e4', 'c4', 'Nf6', 'Nc3', 'c6', 'Bg5', 'd5', 'Bxf6', 'gxf6', 'cxd5', 'cxd5', 'a3', 'Nc6', 'e3', 'Be7', 'Qh5+', 'Kf8', 'Qd1', 'Be6', 'Nge2', 'Bf7', 'b4', 'a5', 'b5', 'Nb8', 'Qb3', 'Qd6', 'Nf4', 'Nd7', 'h4', 'Nb6', 'O-O', 'a4', 'Qb2', 'Nc4', 'Qe2', 'Nxa3', 'Rfc1', 'Nc4', 'Ncxd5', 'Bxd5', 'Nxd5', 'Qxd5', 'Qxc4', 'Qxc4', 'Rxc4', 'a3', 'Bh3', 'Kf7', 'Bxf5', 'Ra5', 'Bxe4', 'Rxb5', 'Ra4', 'Rc8', 'R4xa3', 'Bxa3', 'Rxa3', 'f5', 'Bf3', 'Kf6', 'Ra2', 'Rc3', 'Kg2', 'Rbb3', 'Bd5', 'Rb1', 'Rd2', 'b5', 'Bg8', 'b4', 'Bxh7', 'b3', 'e4', 'Rc2', 'Bxf5', 'Rxd2', 'Kf3', 'Rf1', 'g4', 'Rfxf2+', 'Ke3', 'Rfe2+', 'Kf3', 'b2', 'e5+', 'Ke7', 'Kf4', 'Rf2+', 'Kg5', 'Rxf5+', 'gxf5', 'b1=Q', 'f6+', 'Kf8', 'e6', 'Rg2+', 'Kf4', 'Qf1+', 'Ke5', 'Re2+', 'Kd6', 'Qf4+', 'Kd7', 'Qxf6', 'd5', 'Qe7+', 'Kc6', 'Rxe6+', 'dxe6', 'Qxe6+', 'Kc5', 'Qg4', 'Kd6', 'Qxh4', 'Kd7', 'Qh5', 'Ke6', 'Qg6+', 'Ke5', 'Kf7', 'Kf4', 'Qf6+', 'Ke3', 'Qe6+', 'Kd3', 'Qd6+', 'Kc4', 'Ke6', 'Kb3', 'Ke5', 'Kc2', 'Ke4', 'Kc3', '1/2-1/2']",140
21,1146805752,09/05/2015 20:20,09/05/2015 20:22,bullet,chess,34105732,win,4171314,resigned,"['e4', 'c6', 'd4', 'd5', 'e5', 'Bf5', 'g4', 'Be4', 'f3', 'Bg6', 'h4', 'h6', 'h5', 'Bh7', 'e6', 'Nf6', 'Bd3', 'Bxd3', 'exf7+', 'Kxf7', 'Qxd3', 'Nbd7', 'Ne2', 'e6', 'Nf4', 'Qe7', 'Ng6', 'Qd6', 'Nxh8+', 'Kg8', 'Ng6', 'Be7', 'Bf4', 'e5', 'dxe5', '1-0']",36
22,1146806790,09/05/2015 20:23,09/05/2015 20:25,bullet,chess,4643445,win,22247270,checkmated,"['e4', 'Nf6', 'e5', 'Nd5', 'd4', 'd6', 'c4', 'Nb6', 'f4', 'g6', 'Nf3', 'Bg7', 'Nc3', 'O-O', 'Be3', 'Be6', 'b3', 'Na6', 'Bd3', 'c5', 'd5', 'Bg4', 'Be2', 'Bxf3', 'Bxf3', 'dxe5', 'fxe5', 'Bxe5', 'Rc1', 'Nc8', 'O-O', 'Nd6', 'Ne4', 'b6', 'Bh6', 'Bg7', 'Bxg7', 'Kxg7', 'Ng5', 'h6', 'Nh3', 'Nc7', 'Qd2', 'Rh8', 'Qc3+', 'Kg8', 'Rce1', 'Qf8', 'Nf4', 'Re8', 'Qe3', 'Qg7', 'g4', 'e6', 'dxe6', 'Nxe6', 'Nd5', 'Nd4', 'Qf4', 'Rxe1', 'Rxe1', 'Nxf3+', 'Qxf3', 'Qd4+', 'Kg2', 'Kg7', 'Re7', 'Rf8', 'h3', 'g5', 'Rd7', 'Ne4', 'Nf6', 'Qd2+', 'Rxd2', 'Nxd2', 'Qf5', 'Nf3', 'Nh5+', 'Kg8', 'Kxf3', 'f6', 'Qg6+', 'Kh8', 'Qg7#', '1-0']",86
23,1146808824,09/05/2015 20:25,09/05/2015 20:27,bullet,chess,1172760,checkmated,910953,win,"['e4', 'e6', 'd4', 'd5', 'exd5', 'exd5', 'Nf3', 'Bd6', 'c4', 'c6', 'Nc3', 'Ne7', 'Bd3', 'Bg4', 'O-O', 'Nd7', 'Re1', 'Nf6', 'h3', 'Bh5', 'g4', 'Bg6', 'Ne5', 'Bxd3', 'Qxd3', 'dxc4', 'Nxc4', 'Bc7', 'Bg5', 'Qd7', 'Bxf6', 'gxf6', 'Qe3', 'Kd8', 'Ne4', 'Nd5', 'Qf3', 'h5', 'Nxf6', 'hxg4', 'hxg4', 'Bh2+', 'Kf1', 'Qc7', 'Nxd5', 'cxd5', 'Qxd5+', 'Kc8', 'Rac1', 'Kb8', 'Ne5', 'Bxe5', 'Rxc7', 'Bxc7', 'Kg2', 'a5', 'Rh1', 'Rd8', 'Qc4', 'Ra6', 'Rh7', 'Rc6', 'Qb3', 'Rxd4', 'Rxf7', 'Rxg4+', 'Kf3', 'Rg5', 'Rf8+', 'Ka7', 'Qe3+', 'Rgc5', 'a3', 'Bb6', 'Qe2', 'Rc4', 'Rf7', 'Re6', 'Kg2', 'Rxe2', 'Kf1', 'Rxf2+', 'Ke1', 'Rc1#', '0-1']",85
24,1146810940,09/05/2015 20:26,09/05/2015 20:28,bullet,chess,719269,checkmated,12977144,win,"['d4', 'c5', 'd5', 'e5', 'c4', 'd6', 'e3', 'f5', 'e4', 'Nf6', 'exf5', 'Bxf5', 'Ne2', 'Nbd7', 'Ng3', 'Bg6', 'Nc3', 'Be7', 'Bd3', 'Bxd3', 'Qxd3', 'O-O', 'O-O', 'g6', 'f4', 'a6', 'a3', 'Rb8', 'b4', 'Qc7', 'Be3', 'b5', 'bxc5', 'Nxc5', 'cxb5', 'Nxd3', 'bxa6', 'exf4', 'Rac1', 'fxe3', 'Nce4', 'Qb6', 'Nf5', 'gxf5', 'Kh1', 'Nxe4', 'Rxf5', 'Rxf5', 'Rf1', 'Rxf1#', '0-1']",51
25,1146812043,09/05/2015 20:28,09/05/2015 20:30,bullet,chess,2253321,resigned,928879,win,"['e4', 'Nf6', 'e5', 'Nd5', 'Nc3', 'Nxc3', 'bxc3', 'd5', 'd4', 'c5', 'Nf3', 'Nc6', 'Bd3', 'Bg4', 'Be3', 'e6', 'h3', 'Bxf3', 'Qxf3', 'Qa5', 'O-O', 'Qxc3', 'dxc5', 'Bxc5', 'Bb5', 'O-O', 'Bxc6', 'bxc6', 'Bxc5', 'Qxc5', 'c3', 'Rab8', 'Rfe1', 'Rb2', 'a4', 'Rfb8', 'Rad1', 'R8b3', 'Re3', 'Rb1', 'Rxb1', 'Rxb1+', 'Kh2', 'Rc1', 'Qg3', 'h6', 'f4', 'Qc4', 'f5', 'Qf1', 'Qh4', 'Qxf5', 'Qd8+', 'Kh7', 'Rg3', 'Qf4', '0-1']",57
26,1146813689,09/05/2015 20:31,09/05/2015 20:33,bullet,chess,12976040,insufficient,5600103,insufficient,"['e4', 'e6', 'Nc3', 'd5', 'd4', 'Bb4', 'a3', 'Bxc3+', 'bxc3', 'dxe4', 'Qg4', 'Nf6', 'Qxg7', 'Rg8', 'Qh6', 'c5', 'Bb5+', 'Nc6', 'Bxc6+', 'bxc6', 'Ne2', 'Rxg2', 'Bg5', 'Rxf2', 'Kxf2', 'Ng4+', 'Kg3', 'Nxh6', 'Bxd8', 'Kxd8', 'Raf1', 'f5', 'Kf4', 'Ba6', 'Rf2', 'Ng4', 'Rg2', 'Ke7', 'h3', 'Nf6', 'Rg7+', 'Kd6', 'dxc5+', 'Kxc5', 'Nd4', 'Kd5', 'Rd1', 'Nh5+', 'Ke3', 'Nxg7', 'Nxf5+', 'Ke5', 'Nxg7', 'Rg8', 'Nh5', 'Rg5', 'Rd7', 'Rxh5', 'Rxa7', 'Bc4', 'Ra5+', 'Bd5', 'c4', 'Rxh3+', 'Kd2', 'Kd4', 'cxd5', 'exd5', 'Ra6', 'c5', 'Rf6', 'h5', 'Kc1', 'Kc3', 'Rf1', 'e3', 'Re1', 'd4', 'a4', 'c4', 'a5', 'd3', 'cxd3', 'cxd3', 'a6', 'd2+', 'Kd1', 'dxe1=Q+', 'Kxe1', 'Kd3', 'Kf1', 'Rh1+', 'Kg2', 'Ra1', 'Kh3', 'Rxa6', 'Kh4', 'e2', 'Kh3', 'e1=Q', 'Kh2', 'Ra2+', 'Kh3', 'Qf1+', 'Kh4', 'Rh2+', 'Kg5', 'Rg2+', 'Kh6', '1/2-1/2']",110
27,1146816153,09/05/2015 20:32,09/05/2015 20:34,bullet,chess,4189272,win,4121465,resigned,"['e4', 'e5', 'd4', 'exd4', 'Nf3', 'd5', 'e5', 'c5', 'c3', 'dxc3', 'Nxc3', 'Be6', 'Bg5', 'Qd7', 'Bb5', 'Nc6', 'O-O', 'Be7', 'Bf4', 'Bd8', 'Qd2', 'Nge7', 'Rad1', 'a6', 'Be2', 'Bc7', 'Rfe1', 'O-O', 'Ng5', 'Rad8', 'Bd3', 'h6', 'Nxe6', 'Qxe6', 'Bg3', 'Nf5', 'Bxf5', 'Qxe5', 'Nxd5', '1-0']",40
28,1146817302,09/05/2015 20:35,09/05/2015 20:37,bullet,chess,8601925,win,11601841,timeout,"['d4', 'c5', 'd5', 'e5', 'e4', 'd6', 'Nc3', 'f5', 'exf5', 'Bxf5', 'Bb5+', 'Nd7', 'Bxd7+', 'Qxd7', 'Nf3', 'Be7', 'O-O', 'Nf6', 'Nd2', 'O-O', 'a4', 'a6', 'Nc4', 'Rae8', 'a5', 'Kh8', 'b3', 'Ne4', 'Nxe4', 'Bxe4', 'f3', 'Bg6', 'Be3', 'e4', 'f4', 'Bf6', 'Ra2', 'Bf5', 'h3', 'Bc3', 'g4', 'Bg6', 'Qe2', 'Bd4', 'Kg2', 'h5', 'Kg3', 'Bh7', 'gxh5', 'Rf5', 'Bxd4', 'cxd4', 'Raa1', 'Rxd5', 'Rae1', 'e3', 'Qf3', 'Be4', 'Qg4', 'Bf5', 'Qf3', 'Be4', 'Qg4', 'Rf5', 'Rd1', 'Qe7', 'Rxd4', 'Bxc2', 'Re1', 'Bxb3', 'Nxe3', 'Rf6', 'Ng2', 'Qf7', 'Rde4', 'Rxe4', 'Rxe4', 'Bd5', 'Rd4', 'Bxg2', 'Kxg2', 'Re6', 'Kg3', 'Re3+', 'Kh4', 'Qb3', 'Rxd6', 'Re7', 'Rd8+', 'Kh7', 'Rd4', '1-0']",92
29,1146819469,09/05/2015 20:37,09/05/2015 20:39,bullet,chess,12508683,win,3824675,resigned,"['d3', 'd5', 'c3', 'e5', 'Qc2', 'Nf6', 'e4', 'd4', 'Bg5', 'c5', 'Nf3', 'Nc6', 'Nbd2', 'h6', 'Bh4', 'g5', 'Bg3', 'Bd6', 'Nc4', 'Bc7', 'Ncxe5', 'Nh5', 'Nxc6', 'bxc6', 'Bxc7', 'Qxc7', 'Be2', 'Nf4', 'g3', 'Nxe2', 'Qxe2', 'Bg4', 'h3', 'Bh5', 'g4', 'Bg6', 'cxd4', 'cxd4', 'Nxd4', 'Rd8', 'Nf5', 'Qe5', 'O-O', 'h5', 'f4', 'gxf4', 'Qf3', 'hxg4', 'hxg4', 'Bxf5', 'exf5', 'Qc5+', 'Kg2', 'Rd4', 'Rae1+', 'Kf8', 'Re4', 'Qc2+', 'Rf2', 'Qxd3', 'Rxf4', 'Qc4', 'f6', 'Rh4', 'Rxd4', 'Qxd4', 'Kg3', 'Rh6', 'Qxc6', 'Rxf6', 'Qxf6', 'Qxf6', 'Rxf6', 'Kg7', 'g5', '1-0']",76
30,1146821317,09/05/2015 20:39,09/05/2015 20:41,bullet,chess,1135708,win,3200531,checkmated,"['e4', 'Nf6', 'd3', 'd5', 'e5', 'Nfd7', 'f4', 'e6', 'Nf3', 'c5', 'c3', 'Nc6', 'Be3', 'Be7', 'Nbd2', 'b6', 'd4', 'a5', 'a4', 'Ba6', 'Bb5', 'Bxb5', 'axb5', 'Ncb8', 'Qe2', 'f5', 'exf6', 'Bxf6', 'Ne5', 'O-O', 'O-O', 'Nxe5', 'fxe5', 'Bg5', 'Rxf8+', 'Kxf8', 'Rf1+', 'Kg8', 'dxc5', 'bxc5', 'Bxc5', 'Nd7', 'Bd6', 'Nb6', 'Nf3', 'Be7', 'Bxe7', 'Qxe7', 'Nd4', 'Nc4', 'b3', 'Nb6', 'Nc6', 'Qc5+', 'Qf2', 'Qxf2+', 'Rxf2', 'Rf8', 'Rxf8+', 'Kxf8', 'Nxa5', 'Nd7', 'Nc6', 'Nb6', 'Kf2', 'Ke8', 'Ke3', 'Kd7', 'Kd4', 'g6', 'c4', 'dxc4', 'bxc4', 'Kc7', 'g4', 'Kd7', 'h4', 'Kc7', 'Ne7', 'Kd7', 'Ng8', 'Ke8', 'Nf6+', 'Kf7', 'Nxh7', 'Nd7', 'Ng5+', 'Ke7', 'c5', 'Nf8', 'b6', 'Kd7', 'Kc4', 'Kc6', 'Nf7', 'Nd7', 'Nd8#', '1-0']",98
31,1146823405,09/05/2015 20:42,09/05/2015 20:44,bullet,chess,4158440,win,14000792,timeout,"['g3', 'd5', 'Bg2', 'e5', 'c4', 'd4', 'e3', 'Nf6', 'exd4', 'exd4', 'Nf3', 'c5', 'O-O', 'Be7', 'd3', 'O-O', 'a3', 'Nc6', 'Re1', 'Bg4', 'Bg5', 'h6', 'Bxf6', 'Bxf6', 'Nbd2', 'Re8', 'Rb1', 'Qc7', 'Ne4', 'Be7', 'Qc2', 'f5', 'Ned2', 'Bf6', 'h3', 'Bh5', 'b4', 'b6', 'Nh2', 'Rad8', 'Ndf3', 'Bf7', 'Nf1', 'g5', 'b5', 'Ne5', 'Nxe5', 'Rxe5', 'a4', 'Rde8', 'Rxe5', 'Rxe5', 'Qd2', 'Kg7', 'Re1', 'h5', 'Rxe5', 'Qxe5', 'Nh2', 'f4', 'Nf3', 'Qf5', 'Nh2', 'g4', 'hxg4', 'hxg4', 'Be4', 'Qg5', 'Qxf4', 'Qxf4', 'gxf4', 'Bh5', 'Kg2', 'Bh4', 'Bf5', 'Kf6', 'Bxg4', 'Bg6', 'Be2', 'Bf5', 'Kf3', 'Bh3', 'Ng4+', 'Kf5', 'Nh6+', 'Kg6', 'Ng4', 'Kf5', 'Ne5', 'Bf6', 'Nc6', 'Bg4+', 'Kg2', 'Bxe2', 'Nxa7', 'Kxf4', 'Nc8', 'Bxd3', 'Nxb6', 'Bxc4', 'Nxc4', 'd3', 'a5', 'Bd4', 'b6', 'd2', 'b7', '1-0']",108
32,1146826189,09/05/2015 20:45,09/05/2015 20:47,bullet,chess,3514196,win,316130,timeout,"['e4', 'c6', 'd4', 'd5', 'e5', 'Bf5', 'g4', 'Bg6', 'h4', 'h6', 'h5', 'Bh7', 'e6', 'Qd6', 'exf7+', 'Kxf7', 'Bd3', 'Bxd3', 'Qxd3', 'Nd7', 'Ne2', 'e5', 'Qf5+', 'Ngf6', 'dxe5', 'Qxe5', 'Qg6+', 'Kg8', 'Nc3', 'Qe8', 'Qf5', 'Bb4', 'Be3', 'Qe5', 'Qg6', 'Nf8', 'Qf5', 'Qxf5', 'gxf5', 'Kh7', 'O-O-O', 'N8d7', 'Nf4', 'Rhe8', 'Ne6', 'Nf8', 'Nf4', 'Bxc3', 'bxc3', 'Re7', 'Bd4', 'Rf7', 'Rdg1', 'Re8', 'Rg6', 'Kh8', 'Rg3', 'N8h7', 'Ng6+', 'Kg8', 'Ne5', 'Rfe7', 'f4', 'b6', 'Nxc6', 'Rc7', 'Ne5', 'Rec8', 'Rhg1', 'Kf8', 'Rg6', 'Re7', 'Ng4', 'Nxg4', 'R1xg4', 'Rcc7', 'f6', '1-0']",78
33,1146828590,09/05/2015 20:47,09/05/2015 20:49,bullet,chess,1024183,win,14117177,resigned,"['e4', 'd6', 'd4', 'Nd7', 'Nc3', 'e5', 'Nf3', 'Ngf6', 'g4', 'Be7', 'g5', 'Nh5', 'h4', 'Nf4', 'Bxf4', 'exf4', 'Qd2', 'c6', 'Qxf4', 'Qb6', 'O-O-O', 'a5', 'e5', 'dxe5', 'dxe5', 'Qxf2', 'Ne4', 'Qb6', 'Nd6+', 'Bxd6', 'exd6', 'O-O', 'h5', 'Nc5', 'Bc4', 'Be6', 'g6', 'fxg6', 'Bxe6+', 'Nxe6', 'Qc4', 'Qe3+', 'Nd2', 'Rf2', 'hxg6', 'h6', 'Rhe1', 'b5', 'Rxe3', 'bxc4', 'Rxe6', 'c3', 'bxc3', 'Rb8', 'd7', 'Rff8', 'Ne4', 'Rb1+', 'Kxb1', 'Rb8+', 'Kc1', 'Rb1+', 'Kxb1', '1-0']",64
34,1146830602,09/05/2015 20:49,09/05/2015 20:51,bullet,chess,4632001,win,302538,resigned,"['e4', 'e5', 'Nf3', 'Nc6', 'd4', 'exd4', 'Bc4', 'Bc5', 'O-O', 'd6', 'c3', 'Bg4', 'Qb3', 'Bxf3', 'Bxf7+', 'Kf8', 'Bxg8', 'Rxg8', 'gxf3', 'Qf6', 'Qxb7', 'Ne5', 'Qxa8+', 'Kf7', 'Qd5+', 'Kf8', 'f4', 'Nf3+', 'Kg2', 'g5', 'fxg5', 'Nxg5', 'Qf5', 'Nf7+', 'Kh1', 'Qh4', 'Bf4', 'd3', 'Nd2', 'Bxf2', 'e5', 'dxe5', 'Bxe5', 'Rg5', 'Qxf2', 'Qg4', '1-0']",47
35,1146832291,09/05/2015 20:52,09/05/2015 20:54,bullet,chess,36037354,timeout,3903877,win,"['e4', 'e6', 'd3', 'd5', 'Nd2', 'c5', 'Qe2', 'Be7', 'Ngf3', 'Nf6', 'e5', 'Nfd7', 'g3', 'Nc6', 'Bg2', 'Qc7', 'O-O', 'Ndxe5', 'Nxe5', 'Qxe5', 'Qg4', 'O-O', 'Nf3', 'Qc7', 'c4', 'e5', 'Qh5', 'd4', 'Ng5', 'h6', 'Ne4', 'f5', 'Bxh6', 'fxe4', 'Bxe4', 'Rf6', 'Bg5', 'Be6', 'Bxf6', 'Bxf6', 'Qh7+', 'Kf7', 'f4', 'Ke7', 'fxe5', 'Qxe5', 'Rae1', 'Qg5', 'Bd5', 'Ne5', 'Bxe6', 'Kxe6', 'Qe4', 'Rd8', 'Qxb7', 'Rd6', 'Qe4', 'Kd7', 'Kg2', 'Kc7', 'h4', 'Qg4', 'Qxg4', 'Nxg4', 'Kh3', 'Ne3', 'Rf2', 'g5', 'h5', 'g4+', 'Kh2', 'Be5', '0-1']",73
36,1146834559,09/05/2015 20:55,09/05/2015 20:57,bullet,chess,34100552,win,637033,timeout,"['d4', 'f5', 'c4', 'Nf6', 'Nc3', 'd6', 'g3', 'g6', 'Bg2', 'Bg7', 'Nf3', 'O-O', 'O-O', 'c6', 'Qc2', 'Qe8', 'Bg5', 'e5', 'Bxf6', 'Bxf6', 'dxe5', 'dxe5', 'e4', 'Na6', 'a3', 'Nc5', 'Nd2', 'a5', 'b4', 'Ne6', 'f4', 'Nd4', 'Qd3', 'axb4', 'axb4', 'Rxa1', 'Rxa1', 'Be6', 'fxe5', 'Bxe5', 'Nf3', 'Nxf3+', 'Bxf3', 'fxe4', 'Bxe4', 'Qf7', 'Bg2', 'Bxc4', 'Qe3', 'Qf6', 'Ne4', 'Qg7', 'Rd1', 'Bd5', 'Kh1', 'h6', 'b5', 'Kh7', 'bxc6', 'bxc6', 'Nf2', 'Bf6', 'Bxd5', 'cxd5', 'Ng4', 'Bg5', 'Qd4', 'Rf1+', 'Kg2', 'Rxd1', 'Qxd1', 'h5', 'Nf2', 'Qe5', 'Qf3', 'd4', 'Nd3', 'Qe3', 'Qxe3', 'Bxe3', 'Kf3', 'g5', 'h3', 'Kg6', 'g4', 'h4', 'Ke4', 'Kf6', 'Ne5', 'd3', 'Nxd3', 'Bf4', 'Ne1', 'Bg3', 'Nd3', 'Bf4', 'Nc5', 'Kg6', 'Nd3', 'Kh6', 'Ne1', 'Kh7', 'Nf3', 'Kg7', 'Nxh4', 'Kf6', 'Ng2', 'Bg3', 'Ne3', 'Kg6', 'Nf5', '1-0']",112
37,1146837008,09/05/2015 20:56,09/05/2015 20:58,bullet,chess,6334865,win,3526291,resigned,"['e4', 'e6', 'd4', 'd5', 'e5', 'f5', 'exf6', 'Nxf6', 'g4', 'Bd6', 'g5', 'Nfd7', 'Bd3', 'Nf8', 'h4', 'e5', 'dxe5', 'Bxe5', 'f4', 'Bd6', 'Nf3', 'Bg4', 'Kf2', 'c6', 'Re1+', 'Kd7', 'Ne5+', 'Bxe5', 'Qxg4+', 'Kc7', 'Rxe5', 'Nbd7', 'Re1', 'h5', 'Qg3', 'Kb6', 'Be3+', 'c5', 'a4', 'd4', 'a5+', 'Kc6', 'Be4+', 'Kc7', 'f5+', 'Kc8', 'Bf4', 'Nb8', 'a6', 'Nxa6', 'Rxa6', 'bxa6', 'Bxa8', '1-0']",54
38,1146838337,09/05/2015 20:58,09/05/2015 21:00,bullet,chess,25073230,win,14117665,resigned,"['d4', 'd5', 'c4', 'dxc4', 'Nc3', 'c6', 'e3', 'b5', 'a4', 'Bd7', 'axb5', 'cxb5', 'b3', 'Qc8', 'bxc4', 'bxc4', 'Nf3', 'Nf6', 'Ne5', 'e6', 'Nxc4', 'Bb4', 'Qb3', 'Nd5', 'Bd2', 'a5', 'Nxd5', 'Bxd2+', 'Nxd2', 'exd5', 'Qxd5', 'Nc6', 'Bb5', 'O-O', 'Rc1', 'Nb4', 'Rxc8', 'Nxd5', 'Rxf8+', 'Kxf8', 'Bxd7', 'a4', 'O-O', 'a3', 'Bc6', 'Nc3', 'Bxa8', '1-0']",48
39,1146840252,09/05/2015 21:01,09/05/2015 21:03,bullet,chess,1033689,win,4159314,timeout,"['e4', 'e6', 'd4', 'd5', 'e5', 'f5', 'exf6', 'Nxf6', 'g4', 'h6', 'Bd3', 'Nc6', 'Bg6+', 'Kd7', 'Nc3', 'Bd6', 'f4', 'a6', 'h3', 'Qe7', 'Nf3', 'b5', 'O-O', 'Bb7', 'a4', 'b4', 'Ne2', 'Raf8', 'Ne5+', 'Kc8', 'c4', 'dxc4', 'Nxc4', 'Nd5', 'Ne5', 'Qf6', 'Be4', 'Bxe5', 'dxe5', 'Qe7', 'Bxd5', 'exd5', 'Be3', 'Rd8', 'Nd4', 'Nxd4', 'Qxd4', 'c5', 'Qxc5+', 'Qxc5', 'Bxc5', 'd4', 'Bxb4', 'd3', 'Bd6', 'Be4', 'Rfe1', 'Bf3', 'Re3', 'Be2', 'Kf2', 'Kb7', 'Re1', 'Rc8', 'R1xe2', 'dxe2', 'Rxe2', 'Rc4', 'Kg3', 'Rxa4', 'e6', 'Re8', 'e7', 'Rc4', 'f5', 'Rc6', 'Ba3', 'Rb6', 'h4', 'Rb3+', 'Kg2', 'Rb5', 'Kf3', 'h5', 'Kf4', 'hxg4', 'Kxg4', 'Rd5', 'Kg5', 'Rd7', 'Kg6', 'a5', 'Kxg7', 'Rexe7+', 'Rxe7', '1-0']",96
40,1146842558,09/05/2015 21:03,09/05/2015 21:05,bullet,chess,1631217,win,6201768,timeout,"['d4', 'f5', 'c4', 'Nf6', 'Nc3', 'g6', 'Nf3', 'Bg7', 'g3', 'd6', 'Bg2', 'O-O', 'O-O', 'c6', 'Bd2', 'Qe8', 'Qc1', 'e5', 'dxe5', 'dxe5', 'Bh6', 'e4', 'Bxg7', 'Kxg7', 'Nd4', 'Qe5', 'e3', 'Nbd7', 'Qc2', 'Nc5', 'Rad1', 'a5', 'b3', 'g5', 'Nde2', 'Nd3', 'Rd2', 'Be6', 'Rfd1', 'Rad8', 'Nc1', 'Nb4', 'Qb2', 'Rxd2', 'Rxd2', 'f4', 'a3', 'Na6', 'Nd1', 'Qxb2', 'Nxb2', 'f3', 'Bf1', 'Nc5', 'b4', 'axb4', 'axb4', 'Ncd7', 'c5', 'Ne5', 'Na4', 'Ra8', 'Nb6', 'Ra1', 'Rd1', 'h5', 'h4', 'Bb3', 'Nxb3', 'Rxd1', 'Nd4', 'gxh4', 'Nf5+', 'Kg6', 'Nxh4+', 'Kg5', 'Nc8', 'Nfg4', 'Nd6', 'Nd3', 'Nxe4+', 'Kh6', 'Nf5+', 'Kh7', 'Ng5+', 'Kg6', 'Nxf3', 'Kxf5', 'Nd4+', 'Ke4', 'f3+', 'Kxe3', 'Nc2+', 'Kd2', 'fxg4', 'Nf2', 'gxh5', 'Kxc2', 'Kxf2', 'Rd2+', 'Kf3', 'Rd7', 'Be2', 'Re7', 'Kf4', 'Kc3', 'Bg4', 'Kxb4', 'Bf5', 'Kxc5', 'h6', 'b5', 'h7', 'Rxh7', 'Bxh7', 'b4', 'Be4', 'Kd4', 'Bxc6', 'b3', 'Be4', 'b2', 'g4', '1-0']",124
41,1146844960,09/05/2015 21:05,09/05/2015 21:07,bullet,chess,22201220,resigned,44157797,win,"['h4', 'e6', 'h5', 'h6', 'g4', 'd5', 'd3', 'c5', 'Nd2', 'Nc6', 'e3', 'e5', 'Ndf3', 'Bd6', 'Bh3', 'Nf6', 'g5', 'hxg5', 'Bxc8', 'Qxc8', 'Nxg5', 'Qf5', 'N5f3', 'Rxh5', 'Rxh5', 'Qxh5', 'Bd2', 'O-O-O', 'Bc3', 'e4', 'Nd2', 'd4', 'exd4', 'cxd4', 'Qxh5', 'Nxh5', 'Nxe4', 'dxc3', 'bxc3', 'f5', 'Nxd6+', 'Rxd6', 'Kd2', 'Re6', 'Nf3', 'g6', 'c4', 'Nf4', 'Rg1', 'Re2+', 'Kc3', 'Rxf2', 'Ng5', 'Ne2+', '0-1']",55
42,1146846351,09/05/2015 21:07,09/05/2015 21:09,bullet,chess,2021749,resigned,12917940,win,"['d4', 'f5', 'c4', 'Nf6', 'Nc3', 'g6', 'e3', 'Bg7', 'Nf3', 'd6', 'b3', 'O-O', 'Bb2', 'c6', 'g3', 'Qe8', 'Bg2', 'e5', 'd5', 'e4', 'Nd4', 'c5', 'Ndb5', 'Qe7', 'Na3', 'a6', 'Nc2', 'Nbd7', 'a4', 'Ne5', 'O-O', 'Nd3', 'Qb1', 'Ng4', 'Ne1', 'Nxb2', 'Qxb2', 'Bd7', 'Qc2', 'Ne5', 'Rd1', 'g5', 'f4', 'Ng4', 'Qe2', 'Bxc3', 'Nc2', 'gxf4', 'exf4', 'Qg7', 'h3', 'Nf6', 'Kh2', 'Kh8', 'Rg1', 'Rg8', 'Bf1', 'Qh6', 'Ne3', 'Bd4', 'Rxd4', 'cxd4', 'Ng2', 'Rg7', 'Qd1', 'd3', 'Ne3', 'Rag8', 'b4', 'Rxg3', 'Rxg3', 'Qxf4', 'Ng4', 'Nxg4+', 'hxg4', 'Rxg4', 'Qe1', 'd2', 'Qf2', 'Qxf2+', '0-1']",81
43,1146848200,09/05/2015 21:08,09/05/2015 21:10,bullet,chess,24603147,win,687073,resigned,"['e4', 'e6', 'd4', 'd5', 'e5', 'f5', 'exf6', 'Nxf6', 'g4', 'h6', 'Bd3', 'Kf7', 'Nf3', 'Bd6', 'g5', 'hxg5', 'Nxg5+', 'Kg8', 'Bg6', 'Ne4', 'Nxe4', 'dxe4', 'Bxe4', 'Qf6', 'Nc3', 'Rxh2', 'Rxh2', 'Bxh2', 'Qh5', 'Nd7', 'Qxh2', 'Qxd4', 'Be3', 'Qxe4', 'Nxe4', '1-0']",36
44,1146849306,09/05/2015 21:11,09/05/2015 21:13,bullet,chess,4157109,timeout,12503916,win,"['d4', 'f5', 'c3', 'Nf6', 'f4', 'd6', 'Nf3', 'c6', 'e3', 'g6', 'Bc4', 'Bg7', 'O-O', 'd5', 'Bd3', 'Ne4', 'Bxe4', 'fxe4', 'Ne5', 'O-O', 'a4', 'Be6', 'b4', 'Nd7', 'a5', 'Nxe5', 'dxe5', 'b6', 'Nd2', 'c5', 'Nb3', 'Rc8', 'axb6', 'axb6', 'Ba3', 'Qd7', 'bxc5', 'Bg4', 'Qd4', 'Qb5', 'Rab1', 'e6', 'cxb6', 'Rc4', 'Qd2', 'Ra8', 'Bd6', 'Qxb6', 'Nc5', 'Qc6', 'Nb3', 'Rc8', 'Nd4', 'Qd7', 'Bb4', 'Bf5', 'h3', 'h5', 'Qc2', 'h4', 'Rbc1', 'Bf8', 'Qf2', 'Bxb4', 'cxb4', 'Rxc1', 'Rxc1', 'Rxc1+', 'Kh2', 'Rh1+', '0-1']",71
45,1146851520,09/05/2015 21:13,09/05/2015 21:15,bullet,chess,3207005,win,3521508,resigned,"['e4', 'e6', 'd4', 'd5', 'e5', 'f5', 'exf6', 'gxf6', 'Qh5+', 'Kd7', 'Nc3', 'c6', 'Bd3', 'Qe8', 'Qe2', 'Kc7', 'Bf4+', 'Bd6', 'Bxd6+', 'Kxd6', 'O-O-O', 'Qf7', 'f4', 'Ne7', 'Nf3', 'a6', 'Rhf1', 'Qg7', 'g3', 'b5', 'a4', 'b4', 'Nb1', 'a5', 'c4', 'Re8', 'c5+', 'Kc7', 'Nbd2', 'Nf5', 'Bxf5', 'exf5', 'Qxe8', 'Nd7', 'Qe2', 'Ba6', 'Qe3', 'Bxf1', 'Nxf1', 'Qf7', 'Nh4', 'Re8', 'Qd3', 'Re4', 'Nxf5', 'Nf8', 'Nd6', 'Qe6', 'Nxe4', 'dxe4', 'Qa6', 'Nd7', 'Qa7+', 'Kd8', 'Qxa5+', 'Ke7', 'Qxb4', 'f5', 'Ne3', 'Nf6', 'd5', 'cxd5', 'Nxd5+', 'Kf7', 'Nxf6', 'Kxf6', 'Rd6', 'Qxd6', 'cxd6', '1-0']",80
46,1146853274,09/05/2015 21:14,09/05/2015 21:16,bullet,chess,3512088,resigned,24605964,win,"['d4', 'f5', 'c4', 'Nf6', 'e3', 'd6', 'Nc3', 'g6', 'b3', 'Bg7', 'Bb2', 'O-O', 'Nf3', 'c6', 'g3', 'Qe8', 'Bg2', 'e5', 'O-O', 'e4', 'Nd2', 'Nbd7', 'Qc2', 'a5', 'Rae1', 'd5', 'f3', 'Qe7', 'fxe4', 'fxe4', 'cxd5', 'cxd5', 'h3', 'Nb6', 'g4', 'Bd7', 'Rf2', 'a4', 'Ref1', 'Rfc8', 'Qd1', 'axb3', 'axb3', 'Be6', 'Qe2', 'Nfd7', 'Qb5', 'Qd6', 'Qe2', 'Bh6', 'Rc1', 'Rf8', 'Rxf8+', 'Rxf8', 'Rf1', 'Qg3', 'Rxf8+', 'Nxf8', 'Qf2', 'Bxe3', 'Nd1', 'Bxf2+', 'Nxf2', 'e3', '0-1']",65
47,1146881822,09/05/2015 21:48,09/05/2015 21:51,blitz,chess,13402374,timeout,14502607,win,"['d4', 'f5', 'Nc3', 'Nf6', 'Bf4', 'g6', 'Nb5', 'd6', 'c4', 'Bg7', 'Qa4', 'O-O', 'c5', 'c6', 'Nxa7', 'Be6', 'cxd6', 'exd6', 'b3', 'Nd5', 'Be3', 'Qb6', 'Qa3', 'Nxe3', 'fxe3', 'c5', 'dxc5', 'dxc5', 'Rc1', 'Nd7', 'Nf3', 'Rxa7', '0-1']",33
48,1146886875,09/05/2015 21:50,09/05/2015 21:54,blitz,chess,16200594,win,14510987,checkmated,"['e4', 'e5', 'f4', 'exf4', 'Nf3', 'g5', 'd4', 'f6', 'Bc4', 'Bg7', 'Nxg5', 'fxg5', 'Qh5+', 'Ke7', 'Qf7+', 'Kd6', 'e5+', 'Bxe5', 'dxe5+', 'Kc5', 'Qd5+', 'Kb6', 'Qb5#', '1-0']",24
49,1146888388,09/05/2015 21:55,09/05/2015 21:57,blitz,chess,4155548,win,1007548,resigned,"['d4', 'd5', 'Nf3', 'Bf5', 'Nh4', 'Bg6', 'Nxg6', 'hxg6', 'Bf4', 'Nd7', 'c4', 'e6', 'Nc3', 'Bb4', 'Qb3', 'Bxc3+', 'bxc3', 'Ngf6', 'Qxb7', 'O-O', 'e3', 'Ne4', 'Rc1', 'g5', 'Bg3', 'Nb6', 'c5', 'Na4', 'Qxc7', 'Naxc3', 'Qxd8', 'Rfxd8', 'Bc7', 'Rd7', 'Ba5', 'Nb5', 'Bxb5', 'Rb7', 'Bc6', 'Rb2', 'Bxa8', '1-0']",42
50,1146890890,09/05/2015 21:58,09/05/2015 22:03,blitz,chess,1902806,win,11600292,resigned,"['e4', 'c6', 'd4', 'd5', 'e5', 'Bf5', 'Nd2', 'e6', 'g4', 'Bg6', 'Ne2', 'Nh6', 'Nf4', 'Be4', 'Nxe4', 'dxe4', 'Bg2', 'Qh4', 'h3', 'g5', 'Nh5', 'Nd7', 'Bxe4', 'O-O-O', 'Be3', 'Be7', 'Qf3', 'Kc7', 'O-O-O', 'f5', 'exf6', 'Nxf6', 'Nxf6', 'Rhf8', 'Qg2', 'Bxf6', 'f3', 'e5', 'Bf2', 'Nxg4', 'Bxh4', 'Ne3', 'Qh2', 'Nxd1', 'Rxd1', 'gxh4', 'dxe5', 'Rxd1+', 'Kxd1', 'Rd8+', 'Ke2', 'Bg5', 'f4', 'Bh6', 'Bd3', 'Rd4', 'f5', 'Bf4', 'Qg2', 'Bg3', 'e6', 'Rf4', 'Qg1', 'Rf2+', 'Qxf2', 'Bxf2', 'Kxf2', 'Kd6', 'Kf3', 'Ke5', 'e7', 'h5', 'e8=Q+', '1-0']",74
51,1146896292,09/05/2015 22:07,09/05/2015 22:09,blitz,chess,4157214,timeout,2294907,win,"['e4', 'c5', 'Nf3', 'd6', 'd4', 'Nf6', 'e5', 'dxe5', 'Nxe5', 'Qxd4', 'Bb5+', 'Nbd7', 'Bxd7+', 'Bxd7', 'Nxd7', 'Qxd1+', 'Kxd1', 'O-O-O', 'Nc3', 'Rxd7+', 'Ke2', 'e6', 'Bg5', 'Be7', 'Rhd1', 'Rhd8', 'Rxd7', 'Rxd7', 'a3', 'h6', 'Bxf6', 'Bxf6', 'Nb5', 'a6', 'Nc3', 'b5', 'Ne4', 'Bxb2', 'Ra2', 'Bd4', 'c3', 'Be5', 'Nxc5', 'Rc7', 'Nxa6', 'Rxc3', 'Nb4', 'Kb7', 'a4', 'Rc4', 'Nd3', 'Bd4', 'axb5', 'e5', 'g3', 'g5', 'Kd2', 'e4', 'Nb2', 'Rb4', 'Nd1', 'Rxb5', 'Rc2', 'f5', 'Kc1', 'f4', 'gxf4', 'gxf4', 'Rd2', 'Bb6', 'Nc3', 'Rc5', 'Kb2', 'e3', 'fxe3', 'fxe3', 'Na4', 'exd2', 'Nxc5+', 'Bxc5', 'Kc2', 'Be3', 'Kd1', 'Kc6', 'Ke2', 'Kd5', '0-1']",87
52,1146902706,09/05/2015 22:14,09/05/2015 22:16,blitz,chess,4165047,checkmated,430226,win,"['e4', 'c5', 'Nf3', 'd6', 'Nc3', 'Nf6', 'g3', 'g6', 'Bg2', 'Bg7', 'O-O', 'O-O', 'd3', 'Nc6', 'h3', 'Rb8', 'Be3', 'b5', 'Qd2', 'Re8', 'Nh2', 'Nd4', 'Ne2', 'Nxe2+', 'Qxe2', 'Nd7', 'c3', 'b4', 'd4', 'bxc3', 'bxc3', 'Qa5', 'Rac1', 'Ba6', 'c4', 'Rb4', 'Nf3', 'Reb8', 'Rc2', 'Rb1', 'Rfc1', 'Rxc1+', 'Rxc1', 'cxd4', 'Bxd4', 'Bxd4', 'Nxd4', 'Qc5', 'Nb3', 'Qa3', 'f4', 'Rxb3', 'axb3', 'Qxc1+', 'Kh2', 'Qc3', 'Qa2', 'Nc5', 'b4', 'Qxb4', 'e5', 'dxe5', 'fxe5', 'Qxc4', 'Qd2', 'Qd3', 'Qa5', 'Qc2', 'Qd8+', 'Kg7', 'Qxe7', 'Qf2', 'Kh1', 'Bf1', 'Bxf1', 'Qxf1+', 'Kh2', 'Qf2+', 'Kh1', 'Ne4', 'e6', 'Nxg3#', '0-1']",83
53,1147271540,10/05/2015 05:27,10/05/2015 5:29,bullet,chess,502324,win,4900600,timeout,"['e4', 'e6', 'd4', 'd5', 'e5', 'c5', 'c3', 'Nc6', 'Nf3', 'Qb6', 'a3', 'cxd4', 'cxd4', 'Nh6', 'b4', 'Nf5', 'Bb2', 'a5', 'b5', 'a4', 'Be2', 'Na5', 'O-O', 'Nb3', 'Ra2', 'Bd7', 'Nc3', 'Be7', 'Nxa4', 'Rxa4', 'Qxb3', 'Ra5', 'a4', 'O-O', 'Bc3', 'Ra7', 'a5', 'Qd8', 'b6', 'Ra8', 'Bd3', 'f6', 'Bxf5', 'exf5', 'Qxd5+', 'Kh8', 'e6', 'Bc6', 'Qxd8', 'Rfxd8', 'Re1', 'Rd5', 'Nd2', 'g6', 'h3', 'Kg7', 'Nb3', 'Rb5', 'Nc5', 'Bxc5', 'dxc5', 'Rxc5', 'Bb4', 'Rb5', 'Bd2', 'Re8', 'Rc2', 'f4', 'a6', 'bxa6', 'Rxc6', 'g5', 'Rc7+', 'Kg6', 'e7', 'Rxb6', 'Rd7', 'Rd6', 'Rxd6', 'Kf7', 'Bc3', 'a5', 'Rxf6+', 'Kg7', 'Ree6', 'h6', 'Rxh6+', 'Kf7', 'Rhf6+', '1-0']",90
54,1147274206,10/05/2015 05:30,10/05/2015 5:32,bullet,chess,1017284,resigned,687103,win,"['e4', 'e6', 'Nf3', 'd5', 'exd5', 'exd5', 'd4', 'Bd6', 'c4', 'c6', 'Nc3', 'Ne7', 'Be2', 'Bf5', 'O-O', 'O-O', 'cxd5', 'cxd5', 'Bg5', 'f6', 'Bh4', 'Nbc6', 'Bg3', 'Bxg3', 'fxg3', 'Bg6', 'Bb5', 'a6', 'Ba4', 'b5', 'Bb3', 'Na5', 'Rc1', 'Nc4', 'Bxc4', 'dxc4', 'b3', 'Bd3', 'Re1', 'Nc6', 'bxc4', 'bxc4', 'd5', 'Nb4', 'Re3', 'Nxd5', 'Rxd3', 'cxd3', 'Qxd3', 'Nxc3', 'Qxc3', 'Rc8', 'Qb3+', 'Kh8', 'Rd1', 'Qa5', 'Nd4', 'Qc5', 'Kh1', 'Rfd8', 'Nf3', 'Rxd1+', 'Qxd1', 'Qe3', 'h3', 'Rc1', '0-1']",67
55,1147275789,10/05/2015 05:33,10/05/2015 5:35,bullet,chess,4179927,timeout,14116456,win,"['e4', 'e6', 'd4', 'd5', 'Nd2', 'Nf6', 'e5', 'Nfd7', 'f4', 'c5', 'c3', 'Nc6', 'Ndf3', 'Qb6', 'a3', 'a5', 'Nh3', 'a4', 'f5', 'cxd4', 'cxd4', 'Na5', 'Rb1', 'Nb3', 'Be3', 'exf5', 'Nf4', 'Qa5+', 'Kf2', 'Nb6', 'Bd3', 'Be6', 'g4', 'fxg4', 'Ng5', 'Bd7', 'Kg3', 'h5', 'Rf1', 'Be7', 'Nxf7', 'Kxf7', 'Ng6+', 'Ke8', 'Nxh8', 'h4+', 'Kg2', 'Nc4', 'Bf2', 'Kd8', 'Qe2', 'b5', 'e6', 'Be8', 'Nf7+', 'Bxf7', 'exf7', 'Kd7', 'Rfe1', 'Bd6', 'Bf5+', 'Kc6', 'Qe8+', 'Rxe8', 'fxe8=Q+', 'Kb6', 'Qd8+', 'Bc7', 'Re6+', 'Kb7', 'Qe8', 'h3+', 'Kg1', 'Nd6', 'Rxd6', 'Bxd6', 'Qd7+', 'Qc7', 'Qe6', 'Bxh2+', 'Kh1', 'Bd6', 'Qe1', 'Ka7', 'Qc1', 'Na5', '0-1']",87
56,1147279425,10/05/2015 05:38,10/05/2015 5:40,bullet,chess,1332562,win,13706799,checkmated,"['e4', 'e6', 'Nc3', 'd5', 'Nf3', 'c5', 'exd5', 'exd5', 'Bb5+', 'Nc6', 'Qe2+', 'Be7', 'Bxc6+', 'bxc6', 'O-O', 'Nf6', 'Re1', 'O-O', 'd3', 'Bd6', 'Bg5', 'h6', 'Bh4', 'Bg4', 'h3', 'Bh5', 'g4', 'Bg6', 'Ne5', 'Re8', 'Nxc6', 'Rxe2', 'Nxd8', 'Rxe1+', 'Rxe1', 'Rxd8', 'Nxd5', 'Rb8', 'Nxf6+', 'gxf6', 'Bxf6', 'c4', 'dxc4', 'Bxc2', 'Rc1', 'Be4', 'c5', 'Bf4', 'Rc4', 'Re8', 'f3', 'Be3+', 'Kg2', 'Bd5', 'Rc3', 'Bf4', 'c6', 'Re2+', 'Kf1', 'Rxb2', 'c7', 'Rb1+', 'Ke2', 'Rb2+', 'Kd3', 'Bxc7', 'Rxc7', 'Rxa2', 'f4', 'Ra3+', 'Kd4', 'Bg2', 'f5', 'Ra4+', 'Kc5', 'Bxh3', 'Rc8+', 'Kh7', 'Rh8#', '1-0']",80
57,1147280856,10/05/2015 05:40,10/05/2015 5:42,bullet,chess,2902303,win,7100361,resigned,"['e3', 'c5', 'd4', 'Nc6', 'd5', 'Ne5', 'c4', 'Ng6', 'Nc3', 'd6', 'h4', 'Nf6', 'h5', 'Ne5', 'f4', 'Neg4', 'Be2', 'h6', 'Nf3', 'e5', 'e4', 'Be7', 'f5', 'a6', 'Ng1', 'Nxe4', 'Nxe4', 'Bh4+', 'g3', 'Nf6', 'Nxd6+', 'Qxd6', 'Rxh4', 'Bxf5', 'Bd3', 'e4', 'Bf4', 'Qe7', 'Bc2', 'O-O', 'Qe2', 'b5', 'O-O-O', 'bxc4', 'g4', 'Nxd5', 'Rxd5', 'Qxh4', 'Rxf5', 'Rab8', 'Qxe4', 'Rfe8', 'Re5', 'Red8', 'Qh7+', '1-0']",56
58,1147282828,10/05/2015 05:44,10/05/2015 5:46,bullet,chess,7101406,win,4187210,timeout,"['e4', 'd6', 'd4', 'g6', 'Nc3', 'Bg7', 'h4', 'Nf6', 'Be2', 'h5', 'Bg5', 'Nbd7', 'Nf3', 'e5', 'dxe5', 'dxe5', 'Qd2', 'c6', 'O-O-O', 'Qc7', 'Kb1', 'O-O', 'Bc4', 'b5', 'Bb3', 'b4', 'Na4', 'Kh7', 'Qe3', 'Ng4', 'Qe2', 'f6', 'Bc1', 'Nb6', 'Nc5', 'a5', 'a4', 'bxa3', 'bxa3', 'a4', 'Ba2', 'Qb8', 'Ka1', 'Qc7', 'Ne1', 'Nd7', 'Ne6', 'Qb6', 'Nxf8+', 'Nxf8', 'f3', 'Nh6', 'Be3', 'c5', 'Nd3', 'Ra5', 'Rb1', 'Qc7', 'Qf2', 'Be6', 'Nxc5', 'Bxa2', 'Kxa2', 'Qf7+', 'Ka1', 'Ne6', 'Nd3', 'Ra7', 'Rb4', 'Rb7', 'Rhb1', 'Rxb4', 'Rxb4', 'Bf8', 'g4', 'Bxb4', 'Nxb4', 'hxg4', 'fxg4', 'Nxg4', 'Qe2', 'Nxe3', 'Qxe3', 'Nd4', 'h5', 'Qe7', 'hxg6+', '1-0']",88
59,1147284334,10/05/2015 05:47,10/05/2015 5:49,bullet,chess,35009141,timeout,13602390,win,"['e4', 'e6', 'Nf3', 'd5', 'Nc3', 'd4', 'Ne2', 'Nc6', 'Ng3', 'Nf6', 'Bb5', 'h5', 'h4', 'a6', 'Bxc6+', 'bxc6', 'd3', 'c5', 'Bg5', 'Be7', 'Nd2', 'Ng4', 'Bxe7', 'Qxe7', 'Nc4', 'a5', 'a4', 'g6', 'f3', 'Nf6', 'b3', 'Bb7', 'Ne2', 'e5', 'g3', 'Nd7', 'Qd2', 'f5', 'Qg5', 'Qxg5', 'hxg5', 'Kf7', 'Kd2', 'Ke6', 'Raf1', 'Ba6', 'Nc1', 'Bxc4', 'dxc4', 'fxe4', 'fxe4', 'Raf8', 'Nd3', 'Kd6', 'Ke2', 'Rxf1', 'Rxf1', 'Rf8', 'Rf3', 'Rxf3', 'Kxf3', 'Nf8', 'g4', 'Ne6', 'gxh5', 'gxh5', 'g6', 'Ng7', 'Nf2', 'Ke6', 'Nh3', 'Kf6', 'Kg3', 'Kxg6', 'Kh4', 'Ne6', 'Nf2', 'Nf4', 'Kg3', 'Kg5', 'Kf3', 'h4', 'Nd3', 'h3', 'Nxe5', 'h2', 'Nf7+', 'Kh4', 'Ne5', 'h1=Q+', 'Kxf4', 'Qf1+', 'Nf3+', 'Qxf3+', 'Kxf3', 'Kg5', '0-1']",97
60,1147290221,10/05/2015 05:56,10/05/2015 5:58,bullet,chess,1195522,win,2276178,timeout,"['e4', 'e6', 'd4', 'd5', 'e5', 'c5', 'c3', 'Nc6', 'Nf3', 'Bd7', 'a3', 'c4', 'b4', 'cxb3', 'Qxb3', 'Na5', 'Qd1', 'Ne7', 'Be3', 'Qc7', 'Nbd2', 'O-O-O', 'Rc1', 'Kb8', 'c4', 'dxc4', 'Nxc4', 'Nxc4', 'Bxc4', 'Nc6', 'O-O', 'Bxa3', 'Ra1', 'Be7', 'Qa4', 'b6', 'Qa2', 'Nb4', 'Qb3', 'Rc8', 'Rfc1', 'Qb7', 'Nd2', 'Rc7', 'h3', 'Rhc8', 'f3', 'a5', 'Ne4', 'f5', 'exf6', 'gxf6', 'Bf4', 'a4', 'Qe3', 'e5', 'dxe5', 'Rxc4', 'Rxc4', 'Rxc4', 'exf6+', 'Ka8', 'fxe7', 'Be8', 'Nd6', 'Qc6', 'Nxc4', 'Qxc4', 'Rd1', 'Nc6', 'Bg3', 'Kb7', 'Bf2', 'Qb5', 'Kh2', 'Qb4', 'f4', 'Qxe7', 'Qf3', 'Qc7', 'Re1', 'Bd7', 'Kh1', 'Qc8', 'f5', 'b5', 'f6', 'Be6', 'f7', 'Bd7', 'Re7', 'Qf8', 'Rxd7+', 'Ka6', 'Qxc6+', '1-0']",96
61,1147292032,10/05/2015 05:59,10/05/2015 6:01,bullet,chess,8601747,win,24601942,timeout,"['e4', 'Nf6', 'e5', 'Ng8', 'Nc3', 'd6', 'exd6', 'Qxd6', 'd4', 'Nf6', 'g3', 'c5', 'dxc5', 'Qxd1+', 'Kxd1', 'e5', 'Nb5', 'Na6', 'b4', 'Bd7', 'a3', 'Bxb5', 'Bxb5+', 'Kd8', 'Bxa6', 'bxa6', 'Nf3', 'Kc8', 'Nxe5', 'Be7', 'Nxf7', 'Rf8', 'Ne5', 'Rd8+', 'Ke2', 'a5', 'f4', 'Kb7', 'Be3', 'axb4', 'axb4', 'a5', 'b5', 'a4', 'c6+', 'Kc7', 'b6+', 'Kd6', 'Nf7+', 'Ke6', 'Nxd8+', 'Rxd8', 'c7', '1-0']",54
62,1147294111,10/05/2015 06:03,10/05/2015 6:05,bullet,chess,140805,timeout,8617619,win,"['e4', 'e6', 'Nf3', 'd5', 'e5', 'c5', 'b4', 'cxb4', 'a3', 'Nc6', 'axb4', 'Bxb4', 'c3', 'Bf8', 'd4', 'Nge7', 'Bd3', 'Ng6', 'h4', 'h5', 'Bxg6', 'fxg6', 'Qd3', 'Ne7', 'Ba3', 'Nf5', 'Bxf8', 'Rxf8', 'Na3', 'Bd7', 'Nb5', 'a6', 'Nd6+', 'Nxd6', 'exd6', 'Qf6', 'O-O', 'Bb5', 'Qc2', 'Bxf1', 'Rxf1', 'O-O-O', 'c4', 'Rxd6', 'cxd5+', 'Kb8', 'dxe6', 'Qxe6', 'Rb1', 'Rxf3', 'gxf3', 'Rxd4', 'Qc5', 'Qd5', 'Qf8+', 'Ka7', 'Qxg7', 'Rxh4', 'Qxg6', 'Rd4', 'Qb6+', 'Ka8', 'Kg2', 'h4', 'Re1', 'h3+', 'Kh2', 'Qd8', 'Qxd8+', 'Rxd8', 'Kxh3', 'Rg8', 'Re7', 'Ka7', 'f4', 'a5', 'f5', 'a4', 'Re5', 'Kb6', 'Re6+', 'Kc5', 'f6', 'Kc4', 'Re7', 'Rh8+', '0-1']",87
63,1147295680,10/05/2015 06:05,10/05/2015 6:07,bullet,chess,30937000,win,13301560,resigned,"['e4', 'Nf6', 'e5', 'Nd5', 'Nc3', 'Nb6', 'd4', 'd5', 'f4', 'Nc6', 'Nf3', 'Bg4', 'Be3', 'Bxf3', 'Qxf3', 'e6', 'f5', 'Qd7', 'fxe6', 'fxe6', 'g3', 'O-O-O', 'Bh3', 'Bb4', 'O-O', 'Bxc3', 'bxc3', 'Rde8', 'Qf7', 'Re7', 'Qf2', 'Nc4', 'Bg5', 'Ree8', 'Qf7', 'b6', 'Qxd7+', 'Kxd7', 'Rf7+', 'Kc8', 'Rxg7', 'a5', 'Rf1', 'Rhf8', 'Bxe6+', 'Kb7', 'Rxf8', 'Rxf8', 'Bxd5', 'b5', 'e6', 'Rf5', 'Be4', 'Rf8', 'd5', 'N6e5', 'd6+', 'Kb8', 'd7', 'Nd6', 'd8=Q+', 'Rxd8', 'Bxd8', 'Nxe4', 'e7', 'Nd6', 'Rg8', 'Kb7', 'e8=Q', 'Nxe8', 'Rxe8', 'Nc6', 'Bg5', 'a4', 'Bf4', 'Na5', 'Rh8', 'Nc4', 'Rxh7', 'a3', 'Rxc7+', 'Kb6', 'Rxc4', 'bxc4', 'Bd6', '1-0']",86
64,1147297061,10/05/2015 06:06,10/05/2015 6:08,bullet,chess,7100086,win,4198271,resigned,"['e4', 'e6', 'Nf3', 'd5', 'e5', 'c5', 'b4', 'cxb4', 'a3', 'Nc6', 'axb4', 'Bxb4', 'c3', 'Bc5', 'd4', 'Bb6', 'Bd3', 'Nge7', 'O-O', 'f5', 'exf6', 'gxf6', 'Nh4', 'O-O', 'Qh5', 'Rf7', 'Bh6', 'Bd7', 'Re1', 'e5', 'Re3', 'e4', 'Rg3+', 'Kh8', 'Qxf7', 'Qg8', '1-0']",37
65,1147297593,10/05/2015 06:09,10/05/2015 6:11,bullet,chess,12500100,insufficient,13303813,insufficient,"['e4', 'e5', 'd4', 'exd4', 'Nf3', 'Nc6', 'Bc4', 'Nf6', 'O-O', 'Nxe4', 'Re1', 'd5', 'Bxd5', 'Qxd5', 'Nc3', 'Qa5', 'Nxe4', 'Be6', 'Bg5', 'Bd6', 'Nxd6+', 'cxd6', 'a3', 'O-O', 'b4', 'Qd5', 'Bf4', 'Rac8', 'Ng5', 'Ne5', 'Qh5', 'h6', 'Nxe6', 'fxe6', 'Bxe5', 'Rf5', 'Qg4', 'dxe5', 'Re2', 'Rcf8', 'Rae1', 'b5', 'f3', 'R8f6', 'Qh4', 'Kh7', 'Qg3', 'Rg5', 'Qf2', 'Rfg6', 'g3', 'Rf5', 'Re4', 'Rgf6', 'f4', 'exf4', 'gxf4', 'Rg6+', 'Kf1', 'Qc4+', 'R1e2', 'Rh5', 'Qf3', 'Rh4', 'f5', 'Rxe4', 'Qxe4', 'Rf6', 'Qd3', 'Rxf5+', 'Ke1', 'Qxd3', 'cxd3', 'e5', 'Kd2', 'Kg6', 'Re4', 'Kf6', 'Rg4', 'g6', 'Rxg6+', 'Kxg6', 'Kc2', 'Rf2+', 'Kb3', 'Rxh2', 'a4', 'Rh3', 'axb5', 'Rxd3+', 'Kc4', 'e4', 'Kd5', 'Rc3', 'b6', 'Rb3', 'Kd6', 'Rxb4', 'b7', 'Rxb7', 'Kd5', 'Rb6', 'Kxd4', '1/2-1/2']",104
66,1147299096,10/05/2015 06:10,10/05/2015 6:12,bullet,chess,32066139,resigned,4163206,win,"['e4', 'e6', 'Nf3', 'd5', 'e5', 'c5', 'b4', 'c4', 'd3', 'a5', 'dxc4', 'axb4', 'cxd5', 'exd5', 'Bb2', 'Nc6', 'Bd3', 'Bc5', 'O-O', 'Nge7', 'Nbd2', 'O-O', 'Nb3', 'Bb6', 'Bxh7+', 'Kxh7', 'Ng5+', 'Kg8', 'Qh5', 'Bf5', 'g4', 'Bg6', 'Qh4', 'd4', 'f4', 'f5', 'Ne6', 'Qd5', 'Nxf8', 'Rxf8', 'Qf2', 'fxg4', 'Rad1', 'Nxe5', 'Nxd4', 'Nf3+', 'Kh1', 'Nxd4+', 'Kg1', 'Nf3+', '0-1']",51
67,1147300023,10/05/2015 06:13,10/05/2015 6:15,bullet,chess,602639,insufficient,24159638,insufficient,"['e4', 'e5', 'Nf3', 'Nc6', 'd4', 'exd4', 'Bc4', 'Nf6', 'O-O', 'Nxe4', 'Re1', 'd5', 'Bxd5', 'Qxd5', 'Nc3', 'Qa5', 'Nxe4', 'Be6', 'Bg5', 'Bd6', 'Nxd6+', 'cxd6', 'b4', 'Qxb4', 'Rb1', 'Qc5', 'Rxb7', 'O-O', 'Rc7', 'Qb6', 'Rxc6', 'Qxc6', 'Nxd4', 'Qd5', 'Nxe6', 'Qxd1', 'Rxd1', 'fxe6', 'Rxd6', 'h6', 'Be3', 'Rfe8', 'c4', 'Rad8', 'c5', 'Rxd6', 'cxd6', 'Rd8', 'Bc5', 'Kf7', 'f4', 'Ke8', 'Kf2', 'Kd7', 'Ke3', 'Kc6', 'Kd4', 'a6', 'a3', 'Rb8', 'Bb4', 'Rb5', 'g4', 'a5', 'Bc3', 'Kxd6', 'Kc4', 'Rc5+', 'Kb3', 'g6', 'Be5+', 'Kc6', 'h4', 'h5', 'gxh5', 'gxh5', 'a4', 'Kd5', 'Ka3', 'Ke4', 'Bd6', 'Rc3+', 'Kb2', 'Rc6', 'Be5', 'Rc5', 'Bd6', 'Rf5', 'Bc7', 'Rxf4', 'Bxa5', 'Rxh4', 'Bd8', 'Kd5', 'Kb3', 'Kc6', 'Bxh4', 'Kb7', 'Kc4', 'Ka6', 'Kd4', 'Kb7', 'Ke5', 'Kc6', 'Kxe6', 'Kc5', 'Kf6', 'Kd4', 'Kg5', 'Ke4', 'Kxh5', 'Kd5', 'a5', 'Kc6', 'Bf2', 'Kb7', 'a6+', 'Ka8', 'Kg6', 'Kb8', 'a7+', 'Ka8', 'Kf7', 'Kb7', 'Ke7', 'Ka8', 'Ke6', 'Kb7', 'Kd5', 'Ka8', 'Kc4', 'Kb7', 'Kb5', 'Ka8', 'Ka5', 'Kb7', '1/2-1/2']",137
68,1147301664,10/05/2015 06:15,10/05/2015 6:17,bullet,chess,1134299,win,2817691,resigned,"['e4', 'e6', 'Nf3', 'c5', 'e5', 'Nc6', 'b4', 'Nxb4', 'c3', 'Nc6', 'd4', 'd5', 'Bd3', 'c4', 'Bc2', 'f5', 'O-O', 'Nge7', 'g4', 'fxg4', 'Ng5', 'h5', 'f3', 'Nf5', 'fxg4', 'hxg4', 'Qxg4', 'Be7', 'Nxe6', 'Bxe6', 'Bxf5', 'Bxf5', 'Qxf5', 'Qb6', 'Qg6+', 'Kd8', 'Nd2', 'Nxd4', 'Qxb6+', 'axb6', 'cxd4', 'Bb4', 'Nf3', 'Ke7', 'Rb1', 'Ba5', 'Ba3+', 'Kd7', 'Ng5', 'Rh4', 'Rf7+', 'Kc6', 'h3', 'Rxd4', 'e6', 'c3', 'e7', 'Rd2', 'Rf8', 'c2', 'Rc1', 'Bc3', 'Rxa8', 'Rd1+', 'Kg2', 'Rxc1', 'Bxc1', 'Bf6', 'e8=Q+', '1-0']",70
69,1147302883,10/05/2015 06:17,10/05/2015 6:19,bullet,chess,24126004,win,4166680,resigned,"['e4', 'e5', 'd4', 'exd4', 'Qxd4', 'Nc6', 'Qe3', 'Nf6', 'Nc3', 'Bb4', 'Bd2', 'O-O', 'O-O-O', 'Re8', 'Qg3', 'Rxe4', 'Bd3', 'Re8', 'h4', 'Bf8', 'Nf3', 'd5', 'h5', 'd4', 'Ne2', 'Qd5', 'Nf4', 'Qxa2', 'c3', 'dxc3', 'Bxc3', 'Nd5', 'Nxd5', 'Re2', 'Bxe2', 'Bf5', 'Bd3', 'Qxd5', 'Bc2', 'Qe6', 'Ng5', 'Qh6', 'Bxf5', 'Bd6', 'f4', 'f6', 'Be6+', 'Kh8', 'Nf7+', '1-0']",50
70,1147311999,10/05/2015 06:31,10/05/2015 6:33,bullet,chess,2500361,win,5025532,resigned,"['e4', 'b6', 'd4', 'Bb7', 'Nc3', 'e6', 'Bd3', 'Nf6', 'Nge2', 'Bb4', 'f3', 'd5', 'e5', 'Nfd7', 'f4', 'c5', 'a3', 'c4', 'axb4', 'cxd3', 'cxd3', 'Nc6', 'b5', 'Na5', 'b4', 'f6', 'bxa5', '1-0']",28
71,1147312828,10/05/2015 06:34,10/05/2015 6:36,bullet,chess,24642088,insufficient,4154215,insufficient,"['d4', 'e6', 'c4', 'f5', 'Nc3', 'Nf6', 'Nf3', 'd5', 'e3', 'c6', 'Bd3', 'Bd6', 'cxd5', 'exd5', 'O-O', 'O-O', 'Qc2', 'Ne4', 'Nd2', 'Be6', 'f3', 'Nxc3', 'bxc3', 'Nd7', 'a4', 'c5', 'Ba3', 'Rc8', 'Qb2', 'b6', 'Rab1', 'Qe7', 'Rbe1', 'cxd4', 'Bxd6', 'Qxd6', 'cxd4', 'Nf6', 'e4', 'dxe4', 'fxe4', 'fxe4', 'Nxe4', 'Nxe4', 'Rxf8+', 'Rxf8', 'Bxe4', 'Kh8', 'Qc2', 'g6', 'Rd1', 'Rf4', 'Kh1', 'Bg4', 'Re1', 'Qxd4', 'Bxg6', 'hxg6', 'Qxg6', 'Qg7', 'Re8+', 'Rf8', 'Rxf8+', 'Qxf8', 'h3', 'Bf5', 'Qh5+', 'Bh7', 'Qe5+', 'Qg7', 'Qb8+', 'Bg8', 'Qf4', 'Qa1+', 'Kh2', 'Qg7', 'Qh4+', 'Qh7', 'Qd8', 'Qg7', 'Qd4', 'Qxd4', 'h4', 'Qxa4', 'Kh3', 'Qc2', 'g3', 'Qg2+', 'Kxg2', 'Bd5+', 'Kf2', 'Kg7', 'Ke3', 'Kg6', 'g4', 'Be6', 'Kf4', 'Bxg4', 'h5+', 'Kh6', 'Kxg4', 'b5', 'Kf5', 'a5', 'Ke4', 'a4', 'Kd3', 'Kxh5', 'Kc2', 'a3', 'Kb3', 'b4', 'Ka2', 'Kg4', 'Kb3', 'Kf4', 'Ka2', 'Ke5', 'Kb3', '1/2-1/2']",120
72,1147314443,10/05/2015 06:37,10/05/2015 6:39,bullet,chess,54115191,insufficient,2807602,insufficient,"['e4', 'Nf6', 'e5', 'Ng8', 'Nc3', 'e6', 'd4', 'd5', 'Bd3', 'Be7', 'Nce2', 'c5', 'c3', 'Nc6', 'f4', 'Qb6', 'Nf3', 'g6', 'O-O', 'Bd7', 'Kh1', 'h5', 'a4', 'h4', 'h3', 'Nh6', 'dxc5', 'Bxc5', 'b4', 'Be7', 'a5', 'Qd8', 'Be3', 'Nf5', 'Bxf5', 'gxf5', 'a6', 'b6', 'b5', 'Na5', 'Nfd4', 'Nc4', 'Bf2', 'Qc7', 'Nc1', 'O-O-O', 'Nd3', 'Rdg8', 'Nb4', 'Rg7', 'Nbc6', 'Bxc6', 'Nxc6', 'Rhg8', 'Rg1', 'Bd8', 'Qe1', 'f6', 'Bxh4', 'fxe5', 'Nxd8', 'e4', 'Nxe6', 'Qf7', 'Nxg7', 'Qxg7', 'Bg5', 'Qh7', 'Rd1', 'Qf7', 'Qe2', 'Re8', 'Rd4', 'Qe6', 'Rgd1', 'e3', 'Rxd5', 'Nd2', 'R5xd2', 'exd2', 'Qxe6+', 'Rxe6', 'Rxd2', 'Re1+', 'Kh2', 'Re4', 'Rd8+', 'Kc7', 'Rf8', 'Rc4', 'Rxf5', 'Kd6', 'Rf6+', 'Kc5', 'Rf5+', 'Kd6', 'h4', 'Rxc3', 'h5', 'Rc2', 'h6', 'Rc8', 'h7', 'Rh8', 'Rf7', 'Ke6', 'Rxa7', 'Kf5', 'Kg3', 'Kg6', 'Rb7', 'Re8', 'Rxb6+', 'Kxh7', 'Rb7+', 'Kg6', 'a7', 'Kf5', 'Kf3', 'Ra8', 'g4+', 'Ke6', 'b6', 'Kd5', 'Rb8', 'Kc6', 'Rxa8', 'Kb7', 'Rb8+', 'Ka6', 'a8=Q+', 'Kb5', 'Qd5+', 'Kb4', 'Qd4+', 'Ka3', 'Rc8', 'Ka2', 'b7', 'Kb1', 'b8=Q+', 'Ka2', '1/2-1/2']",143
73,1147316215,10/05/2015 06:40,10/05/2015 6:42,bullet,chess,5801001,checkmated,402702,win,"['d4', 'e6', 'c4', 'd5', 'Nc3', 'Nf6', 'Nf3', 'c6', 'e3', 'Bd6', 'cxd5', 'exd5', 'Bd3', 'O-O', 'O-O', 'Bg4', 'Qc2', 'Nbd7', 'Nd2', 'Re8', 'f3', 'Bh5', 'e4', 'dxe4', 'fxe4', 'c5', 'e5', 'cxd4', 'exf6', 'dxc3', 'Bxh7+', 'Kh8', 'Ne4', 'Qb6+', 'Kh1', 'Be5', 'fxg7+', 'Bxg7', 'Nxc3', 'Ne5', 'Bg5', 'Ng4', 'Bh4', 'Ne3', 'Qe4', 'Rxe4', 'Rfe1', 'Kxh7', 'Bf2', 'Qxb2', 'Nxe4', 'Nxg2', 'Ng5+', 'Kg6', 'Kxg2', 'Kxg5', 'Rab1', 'Qxa2', 'Ra1', 'Qd5+', 'Kg1', 'Bf3', 'Rad1', 'Qc6', 'Be3+', 'Kg6', 'Rc1', 'Qe6', 'Bf4', 'Qg4+', 'Bg3', 'Rd8', 'Rc3', 'Bxc3', 'Rf1', 'Bd4+', 'Rf2', 'Bxf2+', 'Kxf2', 'Rd1', 'Ke3', 'Re1+', 'Kd2', 'Rd1+', 'Kc3', 'Qe4', 'Kb2', 'Rd3', 'Kc2', 'Qe2+', 'Kc1', 'Rd1#', '0-1']",93
74,1147317592,10/05/2015 06:42,10/05/2015 6:44,bullet,chess,14102412,win,4627679,resigned,"['e4', 'c5', 'Nf3', 'e6', 'd3', 'a6', 'Nbd2', 'Qc7', 'g3', 'd6', 'Bg2', 'Nd7', 'O-O', 'Ngf6', 'a4', 'b6', 'c3', 'Bb7', 'Re1', 'Be7', 'd4', 'Rc8', 'h4', 'O-O', 'e5', 'Bxf3', 'Nxf3', 'Nd5', 'c4', 'Nb4', 'Bd2', 'a5', 'Bxb4', 'cxb4', 'b3', 'Rfd8', 'exd6', 'Bxd6', 'Qe2', 'Be7', 'Rad1', 'Nf6', 'Ne5', 'Bd6', 'f4', 'Qb8', 'g4', 'Bxe5', 'fxe5', 'Nd7', 'g5', 'Nf8', 'h5', 'Rc7', 'Be4', 'Rcc8', 'Bc2', 'Qc7', 'Qe4', 'Rb8', 'h6', 'g6', 'Qf4', 'Qe7', 'd5', 'exd5', 'cxd5', 'Qe8', 'Qf6', 'Ne6', 'dxe6', 'Qf8', 'e7', 'Rd6', 'exf8=Q+', 'Kxf8', 'exd6', '1-0']",78
75,1147318983,10/05/2015 06:43,10/05/2015 6:45,bullet,chess,2906457,win,13506226,abandoned,"['e4', '1-0']",2
76,1147320471,10/05/2015 06:46,10/05/2015 6:48,bullet,chess,34106615,abandoned,34107301,win,['0-1'],1
77,1147322002,10/05/2015 06:50,10/05/2015 6:52,bullet,chess,34166235,win,1120000,timeout,"['e4', 'e5', 'Nf3', 'd6', 'd4', 'Bd7', 'Nc3', 'a6', 'dxe5', 'Nc6', 'exd6', 'Bxd6', 'Bc4', 'Qe7', 'O-O', 'O-O-O', 'Nd5', 'Qe8', 'Be3', 'Bg4', 'h3', 'Bh5', 'g4', 'Bg6', 'Qe2', 'Bxe4', 'Rad1', 'Bxf3', 'Qxf3', 'Ne5', 'Qe4', 'Nxc4', 'Qxc4', 'Qc6', 'Qxc6', 'bxc6', 'Nc3', 'c5', 'Ne4', 'c4', 'c3', 'Nf6', 'Nxf6', 'gxf6', 'Rd4', 'h5', 'Rxc4', 'hxg4', 'hxg4', 'Bh2+', 'Kg2', 'Bd6', 'Rd1', 'Rhg8', 'Kf3', 'f5', 'gxf5', 'Rge8', 'b4', 'Kb7', 'a4', 'Re5', 'Rf4', 'Rxe3+', 'fxe3', 'Bxf4', 'Rxd8', 'Bd6', 'Rd7', 'Kc6', 'Rxd6+', 'Kxd6', 'Ke4', 'Kc6', 'f6', 'Kd6', 'Kf5', 'c6', 'e4', 'c5', 'e5+', 'Kd5', 'bxc5', 'Kxc5', 'e6', 'Kd6', 'e7', 'Kd7', 'c4', 'a5', 'c5', 'Ke8', 'Ke5', 'Kd7', 'c6+', 'Ke8', 'c7', 'Kd7', 'c8=Q+', 'Kxc8', 'e8=Q+', 'Kb7', 'Qxf7+', '1-0']",104
78,1147323615,10/05/2015 06:52,10/05/2015 6:54,bullet,chess,24173371,timeout,4612540,win,"['d4', 'Nf6', 'Nf3', 'e6', 'e3', 'b6', 'c3', 'Bb7', 'Be2', 'c5', 'Nbd2', 'd5', 'O-O', 'Nbd7', 'Ne5', 'Nxe5', 'dxe5', 'Nd7', 'f4', 'f6', 'exf6', 'Qxf6', 'Nf3', 'Bd6', 'Bd3', 'O-O', 'Qc2', 'g6', 'Ng5', 'e5', 'h4', 'e4', 'Be2', 'h6', 'Nh3', 'Qxh4', 'Bd2', 'Nf6', 'Be1', 'Qxh3', 'gxh3', 'g5', 'fxg5', 'hxg5', 'Qd2', 'Kg7', 'Bg4', 'Nxg4', 'Qe2', 'Ne5', 'Qh5', 'Nf3+', 'Rxf3', 'Rxf3', 'Qxg5+', 'Kf7', 'Bf2', 'Rg8', '0-1']",59
79,1147324818,10/05/2015 06:55,10/05/2015 6:57,bullet,chess,409111,timeout,14114429,win,"['e4', 'e6', 'Nf3', 'd5', 'exd5', 'exd5', 'd4', 'Bd6', 'Bd3', 'h6', 'Nc3', 'c6', 'O-O', 'Qf6', 'Re1+', 'Ne7', 'h3', 'O-O', 'Qe2', 'Bf5', 'Bf4', 'Bxf4', 'Qxe7', 'Qxe7', 'Rxe7', 'Bxd3', 'cxd3', 'b6', 'Re2', 'Na6', 'Rae1', 'Nb4', 'g3', 'Bd6', 'a3', 'Nxd3', 'Rd1', 'Nxb2', 'Rxb2', 'Bxa3', 'Rb3', 'Bd6', 'Rdb1', 'b5', 'Nd2', 'a5', 'f4', 'a4', 'R3b2', 'b4', 'Ne2', 'b3', 'Nxb3', 'axb3', 'Rxb3', 'Rfe8', 'Rb7', 'Rxe2', 'Rd7', 'Bf8', 'Kf1', 'Raa2', '0-1']",63
80,1147343643,10/05/2015 07:29,10/05/2015 7:33,blitz,chess,4502680,win,4124154,resigned,"['e4', 'c5', 'd4', 'cxd4', 'c3', 'dxc3', 'Nxc3', 'd6', 'Nf3', 'Bd7', 'Bc4', 'e6', 'O-O', 'Be7', 'Qe2', 'Nc6', 'Rd1', 'a6', 'a4', 'Qc7', 'Ba2', 'Nf6', 'Bf4', 'O-O', 'Rac1', 'Nh5', 'Be3', 'Nf6', 'Nd5', 'Qd8', 'Nxe7+', 'Qxe7', 'e5', 'dxe5', 'Bc5', 'Qe8', 'Nxe5', 'Nxe5', 'Qxe5', 'Bc6', 'Rc3', 'Nd7', 'Rxd7', 'Qxd7', 'h4', 'Rfd8', 'Rg3', 'g6', 'h5', 'Qd1+', 'Kh2', 'Bd5', 'hxg6', 'hxg6', 'Rh3', '1-0']",56
81,1147346515,10/05/2015 07:36,10/05/2015 7:38,blitz,chess,13700090,timeout,7100353,win,"['e4', 'e5', 'Nf3', 'Nc6', 'Bc4', 'Bc5', 'b4', 'Bxb4', 'c3', 'Ba5', 'd4', 'exd4', 'O-O', 'Nge7', 'Ng5', 'd5', 'exd5', 'Ne5', 'Bb5+', 'c6', 'dxc6', 'bxc6', 'Qe2', 'd3', 'Qxe5', 'cxb5', 'Qxg7', 'Rg8', 'Qxf7+', 'Kd7', 'Qe6+', 'Kc7', 'Bf4+', 'Kb7', 'Qe4+', 'Ka6', 'Na3', 'Bb7', 'Qe5', 'Qd5', 'Qxd5', 'Nxd5', 'Rab1', 'Nxf4', 'Nxb5', 'Rxg5', 'Nd4', 'Rxg2+', 'Kh1', 'Rg3+', 'f3', 'Rg2', '0-1']",53
82,1147349483,10/05/2015 07:37,10/05/2015 7:42,blitz,chess,2802368,checkmated,5014263,win,"['e4', 'c5', 'd3', 'd6', 'Nd2', 'g6', 'c3', 'Bg7', 'Qa4+', 'Bd7', 'Qb3', 'Nf6', 'Qxb7', 'Bc6', 'Qb3', 'O-O', 'Qd1', 'Nbd7', 'Qf3', 'Rb8', 'h3', 'Qa5', 'Nc4', 'Qa4', 'Qd1', 'Qa6', 'g4', 'Qb7', 'f3', 'Bb5', 'Na5', 'Qa6', 'Nb3', 'Ne5', 'c4', 'Ba4', 'Rb1', 'Nc6', 'Qe2', 'Bxb3', 'axb3', 'Nd4', 'Qd1', 'Rxb3', 'Kf2', 'Rfb8', 'Kg3', 'Nd7', 'f4', 'Qa2', 'Be3', 'Rxb2', 'Rxb2', 'Rxb2', 'Bxd4', 'Bxd4', 'Nf3', 'Bf2+', 'Kg2', 'Bh4+', 'Kg1', 'Rg2+', 'Bxg2', 'Qf2+', 'Kh2', 'Bg3#', '0-1']",67
83,1147362455,10/05/2015 08:03,10/05/2015 8:07,blitz,chess,2032201,win,3523500,checkmated,"['e4', 'e5', 'Nf3', 'd6', 'd4', 'exd4', 'Nxd4', 'Nf6', 'Nc3', 'Be7', 'Be2', 'O-O', 'Be3', 'a6', 'O-O', 'b5', 'a3', 'c5', 'Nf3', 'Bb7', 'Nd2', 'b4', 'axb4', 'cxb4', 'Nd5', 'Nxd5', 'exd5', 'Bxd5', 'Bf3', 'Bxf3', 'Qxf3', 'Nd7', 'Rfd1', 'Ne5', 'Qg3', 'Qc7', 'Ne4', 'Ng6', 'Rac1', 'Rfc8', 'Bd4', 'd5', 'Qxc7', 'Rxc7', 'Ng3', 'a5', 'Nf5', 'Bf8', 'h4', 'Nf4', 'Kf1', 'g6', 'Ne3', 'Ne6', 'Be5', 'Rd7', 'Nxd5', 'Bg7', 'Nf6+', 'Bxf6', 'Bxf6', 'Rxd1+', 'Rxd1', 'a4', 'g3', 'a3', 'bxa3', 'bxa3', 'c4', 'a2', 'Ra1', 'Nc5', 'Re1', 'Nb3', 'Ba1', 'Nd2+', 'Ke2', 'Nxc4', 'Kd3', 'Na3', 'Kc3', 'Nb5+', 'Kb2', 'Nd4', 'Re4', 'Ne6', 'g4', 'h6', 'f4', 'Nc5', 'Re3', 'Na4+', 'Kxa2', 'Nc3+', 'Kb3', 'Nd5', 'Re1', 'Nxf4', 'g5', 'h5', 'Bf6', 'Ng2', 'Re4', 'Rb8+', 'Kc2', 'Kf8', 'Kd2', 'Rb3', 'Be7+', 'Kg8', 'Bf6', 'Kf8', 'Rd4', 'Ke8', 'Rd8#', '1-0']",116
84,1147366336,10/05/2015 08:10,10/05/2015 8:12,blitz,chess,2020513,win,24117978,resigned,"['e4', 'g6', 'd4', 'd6', 'Nc3', 'a6', 'h4', 'h5', 'Nf3', 'b5', 'Bd3', 'Nc6', 'd5', 'Nb4', 'Be2', 'c5', 'a3', 'Bg7', 'axb4', 'cxb4', 'Nb1', 'Nf6', 'Bd3', 'Bg4', 'Bd2', 'a5', 'Bxb5+', 'Kf8', 'Bd3', 'Qb6', 'O-O', 'Nd7', 'Be3', 'Qb7', 'c3', 'Ne5', 'Be2', 'b3', 'Nbd2', 'Kg8', 'Nxe5', 'Bxe2', 'Qxe2', 'dxe5', 'Qc4', 'Kh7', 'Nxb3', 'Rhc8', 'Nc5', 'Qxb2', 'Rfb1', 'Qc2', 'Rb7', 'e6', 'dxe6', 'fxe6', 'Qxe6', 'Qxc3', 'Rc1', 'Qa3', 'Qxe5', 'Rg8', 'Ne6', 'Qxc1+', 'Bxc1', 'Rae8', 'Rxg7+', 'Kh8', 'Rxg8+', 'Kxg8', '1-0']",71
85,1147368370,10/05/2015 08:11,10/05/2015 8:13,blitz,chess,13304488,win,24647012,resigned,"['e4', 'c5', 'Nf3', 'd6', 'd4', 'cxd4', 'Nxd4', 'Nf6', 'Nc3', 'a6', 'Bg5', 'e5', 'Bxf6', 'gxf6', 'Nf5', 'Be6', 'Ne3', 'Nc6', 'Ncd5', 'b5', 'c3', 'Be7', 'f4', 'exf4', 'Nxf4', 'O-O', 'Bd3', 'Ne5', 'Bc2', 'Nc4', 'Ned5', 'Bxd5', 'Nxd5', 'f5', 'exf5', 'Bh4+', 'g3', 'Re8+', 'Kf2', 'Qb6+', 'Nxb6', '1-0']",42
86,1147369157,10/05/2015 08:15,10/05/2015 8:20,blitz,chess,2266440,timeout,711985,win,"['e4', 'e5', 'f4', 'd5', 'exd5', 'e4', 'd3', 'Nf6', 'Qe2', 'Qxd5', 'Nc3', 'Bb4', 'Bd2', 'Bxc3', 'Bxc3', 'Nbd7', 'O-O-O', 'O-O', 'Kb1', 'exd3', 'Rxd3', 'Qc6', 'Nf3', 'Nc5', 'Rd1', 'Bg4', 'Qf2', 'Bxf3', 'Qxf3', 'Qxf3', 'gxf3', 'Nh5', 'Rg1', 'f6', 'Bc4+', 'Kh8', 'Rd5', 'Nxf4', 'Rxc5', 'c6', 'Ra5', 'a6', 'Ra3', 'b5', 'Bd3', 'c5', 'Bd2', 'Ne6', 'Rc3', 'Rad8', 'Kc1', 'c4', 'Be4', 'Nd4', 'Re1', 'Rfe8', 'Be3', 'Ne6', 'Rd1', 'Rc8', 'Ra3', 'Nc7', 'Bb6', 'b4', 'Ra5', 'Nb5', 'Rxa6', 'c3', 'Ba5', 'cxb2+', 'Kxb2', 'Nc3', 'Rd4', 'Na4+', 'Kb3', 'Nc5+', 'Kxb4', 'Nxa6+', 'Kb5', 'Nc5', 'c4', 'Nxe4', 'fxe4', 'Re5+', 'Rd5', 'Rxe4', 'c5', 'Kg8', 'c6', 'Re5', 'Rxe5', 'fxe5', 'Kb6', 'Kf7', 'Kb7', 'Re8', 'c7', 'e4', 'c8=Q', 'Rxc8', 'Kxc8', 'e3', 'Be1', 'Ke6', 'a4', 'Kd6', 'a5', 'Kc6', 'Kb8', 'Kb5', 'Kb7', 'g5', 'a6', 'Kc4', 'a7', 'Kd3', 'a8=Q', 'Ke2', 'Qa5', 'g4', 'Qc3', 'h5', '0-1']",123
87,1147372702,10/05/2015 08:20,10/05/2015 8:25,blitz,chess,926094,resigned,6300200,win,"['d4', 'd5', 'c4', 'dxc4', 'Nc3', 'c6', 'a4', 'Bd7', 'Nf3', 'Nf6', 'Bg5', 'b5', 'axb5', 'cxb5', 'e3', 'b4', 'Na4', 'Nc6', 'Bxc4', 'e6', 'Rc1', 'Be7', 'b3', 'O-O', 'O-O', 'a5', 'Bb5', 'Rc8', 'Nc5', 'Bxc5', 'Rxc5', 'h6', 'Bh4', 'Ne7', 'Bxf6', 'gxf6', 'Rxc8', 'Qxc8', 'Bxd7', 'Qxd7', 'Nd2', 'f5', 'Qh5', 'Kg7', 'Nc4', 'Qb5', 'Ne5', 'Nd5', 'h3', 'Nf6', 'Qf3', 'Ne4', 'Qh5', 'Nf6', 'Qd1', 'Rc8', 'f3', 'Rc3', 'Re1', 'Nd5', 'e4', 'Nf4', 'Nc4', 'a4', 'Qd2', 'Nd3', 'Rb1', 'axb3', 'Ne5', 'Nxe5', 'dxe5', 'Qxe5', 'exf5', 'Qxf5', 'Qd4+', 'e5', 'Qd1', 'Qc2', 'Qe1', 'b2', 'Qxe5+', 'Kh7', 'Rxb2', 'Qxb2', 'Qf5+', 'Kg8', 'Qg4+', 'Kf8', 'Qh5', 'Rc1+', 'Kh2', 'Qf6', 'Qc5+', 'Rxc5', '0-1']",95
88,1147375641,10/05/2015 08:24,10/05/2015 8:29,blitz,chess,24178829,win,24119814,resigned,"['e4', 'e5', 'd4', 'exd4', 'Qxd4', 'c5', 'Qe3', 'd6', 'Nc3', 'Nc6', 'Bc4', 'Be6', 'Nd5', 'Nf6', 'Nf3', 'Be7', 'O-O', 'O-O', 'h3', 'a6', 'a4', 'h6', 'c3', 'Na5', 'Ba2', 'c4', 'Nxe7+', 'Qxe7', 'Nd4', 'Nd7', 'f4', 'f5', 'exf5', 'Qh4', 'fxe6', 'Nf6', 'Nf5', 'Qh5', 'g4', 'Qe8', 'Nxd6', 'Qe7', 'Nxc4', 'Nc6', 'f5', 'Rae8', 'b3', 'Kh8', 'Ba3', 'Nxg4', 'hxg4', 'Qh4', 'Qe2', 'Rf6', 'Rae1', 'h5', 'gxh5', 'Rh6', 'Rf2', 'Rxh5', 'Qxh5+', 'Qxh5', 'Rh2', '1-0']",64
89,1147379006,10/05/2015 08:35,10/05/2015 8:37,blitz,chess,14120631,win,4209192,timeout,"['d4', 'Nf6', 'c4', 'g6', 'Nc3', 'Bg7', 'e4', 'd6', 'f3', 'O-O', 'Be3', 'c5', 'dxc5', 'dxc5', 'Qxd8', 'Rxd8', 'Bxc5', 'Nc6', 'Ba3', 'Be6', 'Nd5', 'Nd7', 'Nxe7+', 'Nxe7', 'Bxe7', 'Bxb2', 'Rb1', 'Bc3+', 'Kf2', 'Bd4+', 'Kg3', 'Re8', 'Ba3', 'b6', 'Ne2', 'Be5+', 'f4', 'Bc7', 'Nc3', 'g5', 'Bc1', 'h5', 'h4', 'gxf4+', 'Bxf4', 'Rac8', 'Nd5', 'Bxf4+', 'Kxf4', 'Kh7', 'Be2', 'Kh6', 'Bf3', 'Rxc4', 'Rbc1', 'Ra4', 'Rcd1', 'Nc5', 'Rd2', 'Bxd5', 'Rxd5', 'Nxe4', 'Bxe4', 'Rexe4+', 'Kg3', 'Rg4+', 'Kf3', 'Raf4+', 'Ke3', 'Re4+', 'Kd3', 'Ra4', 'Rf1', 'Ra3+', 'Kc2', 'Rxg2+', 'Kb1', 'Raxa2', 'Rxf7', 'Rab2+', 'Kc1', 'Rbc2+', 'Kd1', 'Rc6', 'Rdf5', 'Rgg6', 'Rd5', 'Rgd6', 'Rf5', 'Rxd5+', 'Rxd5', 'a5', 'Kd2', 'a4', 'Kd3', 'a3', 'Rd4', 'b5', 'Re4', 'Rc4', 'Re1', 'Rxh4', 'Ra1', 'b4', 'Ke3', 'Rh3+', 'Kf4', 'Rh2', 'Rd1', 'Rb2', 'Rd6+', 'Kg7', 'Rd7+', 'Kf6', 'Ra7', 'a2', 'Ra6+', 'Ke7', 'Ke5', 'Re2+', 'Kd5', 'b3', 'Ra8', 'Kf6', 'Ra6+', 'Kg5', 'Ra5', 'Rd2+', 'Kc4+', 'Kh4', 'Kxb3', 'Kg3', 'Rg5+', 'Kh4', 'Rg1', 'Rf2', 'Rh1+', 'Kg3', 'Rg1+', 'Rg2', 'Re1', 'h4', 'Re3+', '1-0']",144
90,1147382577,10/05/2015 08:37,10/05/2015 8:39,blitz,chess,13500171,win,10615873,resigned,"['e4', 'c5', 'Nf3', 'd6', 'd4', 'cxd4', 'Qxd4', 'Nc6', 'Bb5', 'Qa5+', 'Nc3', 'Qxb5', 'Nxb5', 'Nxd4', 'Nfxd4', 'Kd7', 'Be3', 'e6', 'O-O-O', 'a6', 'Nc3', 'Kc7', 'f4', 'Nf6', 'h3', 'Be7', 'g4', 'Nd7', 'g5', 'Nb6', 'f5', 'Nc4', 'Bf2', 'b5', 'h4', 'Bd7', 'b3', 'Ne5', 'Bg3', 'Rhd8', 'Rhf1', 'Be8', 'fxe6', 'f6', 'Nf5', 'Nc6', 'Nd5+', 'Kb7', 'Nfxe7', 'Nxe7', 'Nxe7', 'Rdc8', 'Nxc8', 'Rxc8', 'gxf6', 'gxf6', 'Rxf6', 'Bg6', 'Rxg6', 'hxg6', 'Bxd6', 'Rc3', 'e5', 'Rh3', 'e7', '1-0']",66
91,1147383828,10/05/2015 08:37,10/05/2015 8:42,blitz,chess,4109864,resigned,4130510,win,"['d4', 'c5', 'd5', 'e5', 'dxe6', 'fxe6', 'c4', 'Nf6', 'e3', 'd5', 'cxd5', 'exd5', 'Nf3', 'Nc6', 'Nc3', 'Be7', 'a3', 'O-O', 'h3', 'Kh8', 'Bb5', 'Be6', 'O-O', 'a6', 'Ba4', 'b5', 'Bc2', 'Qc7', 'Bb1', 'Rad8', 'Ne2', 'Bg8', 'Nf4', 'd4', 'exd4', 'cxd4', 'Nd3', 'Bd6', 'Ba2', 'Bxa2', 'Rxa2', 'Qf7', 'Ra1', 'Bb8', 'Bg5', 'h6', 'Bf4', 'Bxf4', 'Nxf4', 'Ne4', 'Nd3', 'Qd5', 'Rc1', 'Na5', 'Re1', 'Nc4', 'Qe2', 'Rde8', 'Nh4', 'Kh7', 'Qg4', 'Ng5', 'Qf5+', 'Rxf5', '0-1']",65
92,1147396846,10/05/2015 09:05,10/05/2015 9:09,blitz,chess,1520628,timeout,8600546,win,"['d4', 'e6', 'Nf3', 'Nf6', 'Bg5', 'Be7', 'c3', 'b6', 'Nbd2', 'Bb7', 'e3', 'c5', 'Bd3', 'd5', 'O-O', 'Nbd7', 'Ne5', 'Nxe5', 'dxe5', 'Nd7', 'Bxe7', 'Qxe7', 'Qg4', 'f5', 'exf6', 'gxf6', 'e4', 'Ne5', 'Qh5+', 'Qf7', 'Bb5+', 'Ke7', 'Qxf7+', 'Kxf7', 'exd5', 'exd5', 'f4', 'Ng4', 'Rae1', 'a6', 'Bd7', 'Nh6', 'Be6+', 'Kg7', 'Re3', 'Rhd8', 'Rg3+', 'Kh8', 'f5', 'Bc8', 'Re3', 'Re8', 'Rfe1', 'Nxf5', 'Bxf5', 'Rxe3', 'Rxe3', 'Bxf5', 'Rf3', 'Bg6', 'Rxf6', 'b5', 'Rd6', 'Bf7', 'Nf3', 'a5', 'Ne5', 'Bg8', 'Ng4', 'd4', 'cxd4', 'cxd4', 'a3', 'Rc8', 'Rxd4', 'Rc1+', 'Kf2', 'Rc2+', 'Kg3', 'Rxb2', 'Rd8', 'Kg7', 'Rd7+', 'Kg6', 'Ra7', 'a4', 'Ne5+', 'Kf5', 'Nf3', 'Rb3', 'Rb7', 'Bc4', 'Rxh7', 'Rxa3', 'h4', 'Rxf3+', 'gxf3', 'a3', 'Ra7', 'a2', 'h5', 'Kg5', 'f4+', 'Kxh5', 'Kf3', 'b4', 'Ke4', 'b3', 'Kd4', 'b2', 'Kxc4', 'b1=Q', 'Ra6', 'a1=Q', 'Rxa1', 'Qxa1', 'Kd3', 'Kg4', '0-1']",119
93,1147409552,10/05/2015 09:27,10/05/2015 9:31,blitz,chess,14113376,win,2004879,resigned,"['c4', 'Nf6', 'Nc3', 'g6', 'g3', 'Bg7', 'Bg2', 'd6', 'Nf3', 'O-O', 'O-O', 'e5', 'b4', 'a5', 'b5', 'h6', 'Rb1', 'Nbd7', 'd3', 'Nc5', 'Ne1', 'Be6', 'Ba3', 'Nfd7', 'Nc2', 'f5', 'Qd2', 'Qf6', 'Ne3', 'Rae8', 'Ned5', 'Qd8', 'b6', 'cxb6', 'Nb5', 'Nf6', 'Nbc7', 'Nxd5', 'Nxe8', 'Qxe8', 'cxd5', 'Bc8', 'Rxb6', 'Qa4', 'Bxc5', 'dxc5', 'Rc1', 'f4', 'Rxc5', 'fxg3', 'hxg3', 'Qd4', 'Qe3', 'Qa1+', 'Rc1', 'Qxa2', 'Rxg6', 'a4', 'Qxe5', 'Rf7', 'Rxc8+', 'Kh7', 'Qe4', '1-0']",64
94,1147412830,10/05/2015 09:29,10/05/2015 9:34,blitz,chess,761427,win,4671660,resigned,"['e4', 'e6', 'd4', 'd5', 'Nd2', 'Nf6', 'e5', 'Nfd7', 'f4', 'c5', 'c3', 'Nc6', 'Ndf3', 'Qb6', 'h4', 'cxd4', 'cxd4', 'Bb4+', 'Kf2', 'O-O', 'g3', 'f6', 'Kg2', 'fxe5', 'fxe5', 'a6', 'Ne2', 'Rxf3', 'Kxf3', 'Ndxe5+', 'dxe5', 'Nxe5+', 'Kg2', 'Bd7', 'Qd4', 'Qd6', 'Bf4', '1-0']",38
95,1147414913,10/05/2015 09:37,10/05/2015 9:41,blitz,chess,1001884,timeout,20610017,win,"['e4', 'c5', 'Nf3', 'e6', 'd4', 'd5', 'dxc5', 'Bxc5', 'Bb5+', 'Nc6', 'O-O', 'Ne7', 'exd5', 'exd5', 'Nc3', 'O-O', 'Bg5', 'Be6', 'Qe2', 'h6', 'Bh4', 'a6', 'Ba4', 'Nd4', 'Qd3', 'Bf5', 'Qd1', 'Bg4', 'Re1', 'Bxf3', 'gxf3', 'Qc7', 'Bxe7', 'Bxe7', 'Nxd5', 'Qc4', 'Nxe7+', 'Kh8', 'Bb3', 'Nxb3', 'cxb3', 'Qh4', 'Qd7', 'Qg5+', 'Qg4', 'Qc5', 'Nf5', 'Rg8', 'Re7', 'g6', 'Qd4+', 'Qxd4', 'Nxd4', 'Rae8', 'Rxf7', 'Rd8', 'Ne6', 'Rde8', 'Nc5', 'Rg7', 'Rxb7', 'Rxb7', 'Nxb7', 'Rb8', 'Nc5', 'Rb5', 'Nxa6', 'Ra5', 'Nb4', 'Rg5+', 'Kf1', 'Rf5', 'Nd3', 'Rh5', 'Ne5', 'Rxe5', 'a4', 'Rh5', 'a5', 'Rxh2', 'Ke2', 'Rh5', 'a6', 'Re5+', 'Kd3', 'Re8', 'Kc4', 'Ra8', 'a7', 'Rc8+', 'Kb5', 'Ra8', 'Ka6', 'Kg7', 'Kb7', 'Re8', 'a8=Q', 'Re7+', '0-1']",99
96,1147418531,10/05/2015 09:41,10/05/2015 9:46,blitz,chess,1402048,resigned,4173805,win,"['e4', 'e6', 'd4', 'd5', 'Nd2', 'dxe4', 'Nxe4', 'Nd7', 'Nf3', 'Ngf6', 'Ng3', 'Be7', 'Bd3', 'O-O', 'O-O', 'b6', 'Qe2', 'Bb7', 'Ne5', 'c5', 'c3', 'cxd4', 'cxd4', 'Rc8', 'Rd1', 'Nd5', 'Nh5', 'N7f6', 'a3', 'Nxh5', 'Qxh5', 'Nf6', 'Qh3', 'Be4', 'Be3', 'Qd5', 'f3', 'Bxd3', 'Nxd3', 'Qb3', 'Bf4', 'Nd5', 'Be5', 'Ne3', 'Rd2', 'Rc2', 'Qg3', 'Nf5', 'Qg5', 'Bxg5', '0-1']",51
97,1147421533,10/05/2015 09:46,10/05/2015 9:50,blitz,chess,4164113,win,7600151,resigned,"['e4', 'd6', 'd4', 'Nd7', 'Bd3', 'c6', 'f4', 'e5', 'c3', 'Ngf6', 'Nf3', 'Qc7', 'O-O', 'Be7', 'Qe1', 'O-O', 'fxe5', 'dxe5', 'Bg5', 'Qb6', 'Nbd2', 'Qxb2', 'Nc4', 'Qb5', 'Ncxe5', 'Qb6', 'Nxd7', 'Bxd7', 'Ne5', 'Qc7', 'Qh4', 'c5', 'Nxd7', 'Qxd7', 'e5', 'h6', 'Bxf6', 'gxf6', 'exf6', 'cxd4', 'Qg3+', '1-0']",42
98,1147423667,10/05/2015 09:50,10/05/2015 9:52,blitz,chess,1511599,resigned,24107530,win,"['e4', 'c5', 'Nf3', 'd6', 'd4', 'Nf6', 'dxc5', 'Qa5+', 'c3', 'Nxe4', 'Qa4+', 'Qxa4', '0-1']",13
99,1147424206,10/05/2015 09:53,10/05/2015 9:58,blitz,chess,12505927,win,13403672,timeout,"['Nf3', 'Nf6', 'c4', 'g6', 'g3', 'Bg7', 'Bg2', 'd6', 'Nc3', 'O-O', 'd3', 'e5', 'Bg5', 'h6', 'Bxf6', 'Bxf6', 'O-O', 'Bg7', 'Rb1', 'a5', 'a3', 'f5', 'Qc2', 'Nd7', 'b4', 'axb4', 'axb4', 'Nf6', 'b5', 'Be6', 'Nd2', 'Rb8', 'Nd5', 'Nxd5', 'cxd5', 'Bd7', 'Rfc1', 'Rc8', 'Rb4', 'Rf7', 'Qb3', 'f4', 'Rbc4', 'fxg3', 'hxg3', 'Be8', 'b6', 'c6', 'dxc6', 'Bxc6', 'Bxc6', 'bxc6', 'Rxc6', 'Rb8', 'Rc7', 'd5', 'Rxf7', 'Kxf7', 'Rc7+', 'Kf8', 'Qb4+', 'Kg8', 'Qc5', 'Bf8', 'Qc6', 'Qd6', 'Nf3', 'e4', 'Nd4', 'e3', 'Qxd6', 'Bxd6', 'Rc6', 'exf2+', 'Kxf2', 'Be5', 'Nf3', 'Bb2', 'Rxg6+', '1-0']",80
100,1147427522,10/05/2015 09:58,10/05/2015 10:03,blitz,chess,4401034,win,7901780,timeout,"['e4', 'c5', 'd4', 'cxd4', 'Nf3', 'd6', 'Nxd4', 'Nf6', 'Nc3', 'g6', 'Be2', 'Bg7', 'g4', 'O-O', 'g5', 'Nfd7', 'Be3', 'Nc6', 'Qd2', 'Nde5', 'f4', 'Nxd4', 'Bxd4', 'Nc6', 'Bxg7', 'Kxg7', 'O-O-O', 'f6', 'h4', 'fxg5', 'fxg5', 'Be6', 'h5', 'Qa5', 'Kb1', 'Ne5', 'h6+', 'Kg8', 'Rdf1', 'b5', 'Bxb5', 'Rfb8', 'Ba4', 'Rxb2+', 'Kxb2', 'Nc4+', 'Kc1', 'Nxd2', 'Kxd2', 'Rc8', 'Rf3', 'Rxc3', 'Rxc3', 'Qxa4', 'Re1', 'Qxa2', 'e5', 'Qd5+', 'Rd3', 'Qa5+', 'Kd1', 'Bg4+', 'Kc1', 'Qxe1+', 'Kb2', 'Qb4+', 'Rb3', 'Qd4+', 'Ka3', 'dxe5', 'Rb8+', 'Kf7', 'Rb4', 'Qc5', 'c4', 'Be2', 'Kb3', 'Bxc4+', 'Rxc4', 'Qb5+', 'Kc3', 'e4', 'Rxe4', 'a5', 'Rf4+', 'Ke6', 'Re4+', 'Kf5', 'Rc4', 'a4', 'Rd4', '1-0']",92
101,1147430439,10/05/2015 10:04,10/05/2015 10:08,blitz,chess,34137944,win,401927,resigned,"['d4', 'Nf6', 'Nf3', 'g6', 'Bf4', 'Bg7', 'Nc3', 'O-O', 'e4', 'd6', 'e5', 'Nh5', 'Bg5', 'h6', 'Be3', 'dxe5', 'dxe5', 'Qxd1+', 'Rxd1', 'c6', 'Be2', 'Be6', 'h3', 'Nd7', 'g4', 'Ng3', 'fxg3', 'Nxe5', 'Nxe5', 'Bxe5', 'Bf4', 'Bf6', 'Bxh6', 'Rfc8', 'O-O', 'b5', 'Bf3', 'b4', 'Ne4', 'Bxb2', 'Nc5', 'Bc4', 'Rfe1', 'e5', 'Nd7', 'Kh7', 'Bg5', 'Bc3', 'Bd2', 'Bd4+', 'Kg2', 'Rc7', 'Nxe5', 'Bxa2', 'Nxc6', '1-0']",56
102,1147432906,10/05/2015 10:06,10/05/2015 10:11,blitz,chess,3517497,checkmated,12997145,win,"['e4', 'c5', 'Nf3', 'Nc6', 'd4', 'cxd4', 'Nxd4', 'g6', 'c4', 'Bg7', 'Nc2', 'Nf6', 'Nc3', 'O-O', 'Be2', 'd6', 'O-O', 'e5', 'Bg5', 'h6', 'Bd2', 'Be6', 'Ne3', 'Nd4', 'Bd3', 'h5', 'b3', 'a6', 'f4', 'exf4', 'Rxf4', 'Qd7', 'Rc1', 'Rae8', 'Qf1', 'Ng4', 'Ned5', 'Bxd5', 'exd5', 'Be5', 'Re4', 'Bxh2+', 'Kh1', 'Nf5', 'Rxe8', 'Ng3#', '0-1']",47
103,1147435025,10/05/2015 10:12,10/05/2015 10:14,blitz,chess,24605271,win,13400754,checkmated,"['e4', 'g6', 'd4', 'Bg7', 'f4', 'd6', 'Nf3', 'Nc6', 'c3', 'Bg4', 'Bd3', 'e5', 'fxe5', 'dxe5', 'd5', 'Nce7', 'O-O', 'f5', 'h3', 'Bxf3', 'Qxf3', 'f4', 'g3', 'g5', 'Qh5+', 'Kf8', 'Qxg5', 'Bf6', 'Qh5', 'fxg3', 'Bg5', 'Kg7', 'Rxf6', 'Nxf6', 'Qh6+', 'Kf7', 'Qxf6+', 'Kg8', 'Bh6', 'Nf5', 'Qxf5', 'Qh4', 'Qe6#', '1-0']",44
104,1147436559,10/05/2015 10:16,10/05/2015 10:20,blitz,chess,1105604,win,36011347,timeout,"['e4', 'c5', 'Nf3', 'd6', 'd4', 'cxd4', 'Qxd4', 'Nc6', 'Bb5', 'Qb6', 'Qxb6', 'axb6', 'Nc3', 'Bd7', 'Nd5', 'Kd8', 'Nxb6', 'Ra5', 'Bd3', 'h6', 'O-O', 'Nf6', 'Bd2', 'Ra7', 'h3', 'g5', 'a4', 'Bg7', 'Be3', 'Ra5', 'c3', 'g4', 'hxg4', 'Nxg4', 'b4', 'Nxe3', 'fxe3', 'Rh5', 'Nd4', 'Ne5', 'Be2', 'Rg5', 'Nxd7', 'Kxd7', 'Nf5', 'Bf6', 'a5', 'Rc8', 'Rfc1', 'e6', 'Nd4', 'Rcg8', 'Bf1', 'Rg3', 'Kf2', 'R3g6', 'a6', 'Bh4+', 'Ke2', 'bxa6', 'Rxa6', 'Ke7', 'Ra7+', 'Kf6', 'Nf3', 'Rxg2+', 'Bxg2', 'Rxg2+', 'Kd1', 'Nxf3', 'Rca1', 'Rd2+', 'Kc1', 'Rd3', 'Kb2', 'Rxe3', 'Rf1', 'Kg6', 'b5', 'Re2+', 'Ka3', 'Ne5', 'Rb1', 'Bf2', 'Ra6', 'Nc4+', 'Kb3', 'Nb6', 'Rf1', 'Nd7', 'Rxd6', 'Nc5+', 'Kc4', 'Nxe4', 'Rd3', 'f5', 'Rxf2', 'Rxf2', 'b6', 'Rb2', 'Rd8', 'h5', 'Rb8', 'h4', 'Kd4', 'Kf6', 'Rf8+', 'Ke7', 'Rh8', 'Rxb6', 'Rh7+', 'Kf6', 'Rxh4', '1-0']",114
105,1147439980,10/05/2015 10:23,10/05/2015 10:26,blitz,chess,3202569,timeout,2109140,win,"['d4', 'c5', 'd5', 'b5', 'e4', 'a6', 'a4', 'b4', 'a5', 'g6', 'Nd2', 'Bg7', 'Ngf3', 'd6', 'h3', 'Nd7', 'Be2', 'Ngf6', 'O-O', 'O-O', 'Re1', 'e6', 'dxe6', 'fxe6', 'Bf1', 'Qe7', 'Nc4', 'Ne8', 'Bg5', 'Ndf6', 'Nb6', 'Rb8', 'Nxc8', 'Rxc8', 'Bxa6', 'Ra8', 'Bb7', 'Qxb7', 'e5', 'Ne4', 'a6', 'Qc6', 'Be7', 'Rf7', 'exd6', 'N8xd6', 'Bxd6', 'Nxd6', 'Rxe6', 'Rd7', 'Qd3', 'c4', 'Qe2', 'Rxa6', 'Rd1', 'Qc7', 'Ng5', 'Ra8', 'Rexd6', 'Rxd6', 'Rxd6', 'Ra1+', 'Rd1', 'Rxd1+', 'Qxd1', 'Qe5', 'Qd8+', 'Bf8', 'g3', 'h6', 'Nf3', 'Qe4', 'Nd4', 'Qe7', 'Qd5+', 'Kh7', 'Qxc4', 'Bg7', 'c3', 'bxc3', 'bxc3', 'Qe1+', '0-1']",83
106,1147447421,10/05/2015 10:35,10/05/2015 10:40,blitz,chess,4110110,win,24622281,timeout,"['e4', 'c5', 'Nf3', 'e6', 'd4', 'cxd4', 'Nxd4', 'a6', 'Bd3', 'Qc7', 'c4', 'Nf6', 'O-O', 'Bc5', 'Nc2', 'Ba7', 'b3', 'Nc6', 'Bb2', 'Ne5', 'h3', 'd6', 'Kh1', 'Bd7', 'f4', 'Nxd3', 'Qxd3', 'Bc6', 'Nd2', 'h5', 'Rad1', 'h4', 'Nd4', 'Nh5', 'Rfe1', 'Ng3+', 'Kh2', 'O-O-O', 'Nxc6', 'Qxc6', 'Nf3', 'f5', 'exf5', 'exf5', 'Nxh4', 'Ne4', 'Nxf5', 'Nf2', 'Ne7+', 'Kc7', 'Nxc6', 'Nxd3', 'Rxd3', 'Kxc6', 'Re6', 'Rhf8', 'Bxg7', 'Rxf4', 'Be5', 'Rf2', 'Rexd6+', 'Rxd6', 'Rxd6+', 'Kc5', 'Rd5+', 'Kb4', 'Bd4', 'Bb8+', 'Kg1', 'Rxa2', 'h4', 'Bg3', 'h5', 'Rc2', 'Bc5+', '1-0']",76
107,1147477259,10/05/2015 11:27,10/05/2015 11:32,blitz,chess,4144635,win,24111643,checkmated,"['e4', 'e6', 'd4', 'd5', 'e5', 'c5', 'c3', 'Nc6', 'Nf3', 'Qb6', 'a3', 'a5', 'a4', 'f6', 'Bb5', 'Bd7', 'O-O', 'O-O-O', 'Na3', 'fxe5', 'Bxc6', 'Bxc6', 'Nxe5', 'Qc7', 'Nb5', 'Bxb5', 'axb5', 'Bd6', 'b6', 'Qe7', 'Bf4', 'g5', 'Bg3', 'Nf6', 'Rxa5', 'Bxe5', 'Bxe5', 'c4', 'Qa4', 'Rd6', 'Ra8#', '1-0']",42
108,1147479351,10/05/2015 11:31,10/05/2015 11:35,blitz,chess,304751,resigned,13605348,win,"['e4', 'd5', 'exd5', 'Qxd5', 'Nf3', 'Nc6', 'Be2', 'Bg4', 'd4', 'O-O-O', 'c4', 'Qh5', 'Be3', 'e5', 'Nxe5', 'Nxe5', 'Qa4', 'Bxe2', 'Qxa7', 'Bb4+', 'Nc3', 'Nc6', 'Qa8+', 'Nb8', 'a3', 'Bxc3+', 'bxc3', 'Bxc4', 'f3', 'Nf6', 'Rb1', 'Ba6', 'Kf2', 'Rhe8', 'Rhe1', 'Qxh2', 'd5', 'Nxd5', 'Ba7', 'Qh4+', 'Kg1', 'Rxe1+', 'Rxe1', 'Qxe1+', 'Kh2', 'Qe5+', '0-1']",47
109,1147481086,10/05/2015 11:40,10/05/2015 11:42,blitz,chess,4209982,timeout,4142420,win,"['e4', 'c5', 'Nf3', 'Nc6', 'd4', 'cxd4', 'Nxd4', 'g6', 'Nxc6', 'bxc6', 'Qd4', 'Nf6', 'e5', 'Nd5', 'e6', 'Nf6', 'exf7+', 'Kxf7', 'Nc3', 'Bg7', 'Bg5', 'Re8', 'Bc4+', 'Kf8', 'O-O-O', 'd5', 'Qh4', 'Qa5', 'Bb3', 'Kg8', 'Rhe1', 'Rb8', 'Rxe7', 'Rxe7', 'Bxf6', 'Bxf6', 'Qxf6', 'Re6', 'Qf4', 'Rb4', 'Qg5', 'Kg7', 'f4', 'Qc5', 'Qd8', 'Ba6', 'f5', 'Qe3+', 'Kb1', 'gxf5', 'Qd7+', 'Kg6', 'Nxd5', 'cxd5', 'Bxd5', 'Rf6', 'h4', 'Qe5', 'h5+', 'Kh6', 'b3', 'Be2', 'Rd2', 'Rd4', 'Rxd4', 'Qxd4', 'Qe7', 'Bxh5', 'Bc4', 'Bg6', 'Bd3', 'f4', 'Bxg6', 'hxg6', 'Qf8+', 'Rxf8', 'a4', 'f3', 'Ka2', 'Qb2+', '0-1']",81
110,1147484774,10/05/2015 11:40,10/05/2015 11:45,blitz,chess,25073141,win,14103290,resigned,"['e4', 'e6', 'd4', 'd5', 'e5', 'c5', 'c3', 'cxd4', 'cxd4', 'Nc6', 'Nf3', 'Bd7', 'Nc3', 'Qb6', 'Be2', 'Nge7', 'O-O', 'Nf5', 'Be3', 'Bb4', 'Na4', 'Qc7', 'Rc1', 'Rc8', 'a3', 'Be7', 'b4', 'Qd8', 'Nc5', 'Bxc5', 'dxc5', 'O-O', 'Bg5', 'Qc7', 'g4', 'Nfe7', 'b5', 'Ng6', 'bxc6', 'Bxc6', 'Qd4', 'f6', 'exf6', 'e5', 'Qd2', 'gxf6', 'Bh6', 'Rf7', 'Rfe1', 'e4', 'Nd4', 'Ne5', 'Nf5', 'Rd8', 'Bf4', 'Bd7', 'Nh6+', '1-0']",58
111,1147486621,10/05/2015 11:49,10/05/2015 11:52,blitz,chess,3601552,win,14000679,timeout,"['e4', 'd5', 'exd5', 'Qxd5', 'd4', 'Nc6', 'Nf3', 'Bg4', 'Be2', 'O-O-O', 'c3', 'e5', 'Nxe5', 'Bxe2', 'Qxe2', 'Nxe5', 'dxe5', 'f6', 'O-O', 'fxe5', 'Be3', 'Kb8', 'Nd2', 'Nf6', 'Rfd1', 'Qc6', 'Nf3', 'Bd6', 'h3', 'h6', 'Rd3', 'e4', 'Nd4', 'Qa6', 'Rd2', 'Qxe2', 'Rxe2', 'a6', 'Nc2', 'Rhe8', 'Bd4', 'c5', 'Bxf6', 'gxf6', 'Rae1', 'f5', 'Ne3', 'Rf8', 'Nd5', 'Be5', 'c4', 'Bd4', 'Kf1', 'b5', 'b3', 'b4', 'Nf4', 'Rd6', 'g3', 'Kb7', 'Kg2', 'a5', 'f3', 'Bc3', 'Rf1', 'exf3+', 'Rxf3', 'a4', 'Nd5', 'Bd4', 'g4', 'axb3', 'axb3', 'Rxd5', 'cxd5', 'f4', 'Re4', 'Ra8', 'Rexf4', 'Ra2+', 'Kf1', 'Ra1+', 'Ke2', 'Ra2+', 'Kd3', 'Kb6', 'Rxd4', 'cxd4', 'Kxd4', 'Rc2', 'Rd3', 'Kc7', 'Ke5', 'Kd7', 'Rd4', 'Re2+', 'Kf5', 'Re3', 'Rxb4', 'Rxh3', 'Ke5', 'Re3+', 'Kf6', 'Kd6', 'Kg6', 'Rh3', 'Rd4', 'Ke5', 'Rd2', 'Kd6', 'b4', 'Rh4', 'b5', 'Rxg4+', 'Kxh6', 'Rb4', 'b6', 'Rxb6', 'Kg5', 'Rb4', 'Kf5', 'Rb5', 'Kg5', 'Rxd5+', 'Kg6', '1-0']",126
112,1147490418,10/05/2015 11:55,10/05/2015 11:58,blitz,chess,1121510,win,14000709,resigned,"['d4', 'd6', 'c4', 'e5', 'd5', 'f5', 'Nc3', 'Nf6', 'f4', 'e4', 'Nh3', 'g6', 'Nf2', 'Bg7', 'Be3', 'O-O', 'h3', 'a5', 'Rg1', 'h5', 'Bd4', 'Nbd7', 'g4', 'hxg4', 'hxg4', 'b6', 'gxf5', 'gxf5', 'e3', 'Nc5', 'Nh3', 'Ng4', 'Bxg7', 'Kxg7', 'Ng5', 'Qf6', 'Qd2', 'Bd7', 'Be2', 'Rh8', 'O-O-O', 'Nd3+', 'Bxd3', 'exd3', 'e4', 'Rh2', 'Qxd3', 'fxe4', 'Ngxe4', 'Qxf4+', 'Kb1', 'Bf5', 'Qd4+', 'Qe5', 'Qxe5+', 'dxe5', 'Ka1', 'Kg6', 'Ng3', 'Rah8', 'Nb5', 'Ne3', 'Nxf5+', 'Kxf5', 'Rc1', 'R8h7', 'a3', 'a4', 'Rc3', 'Nc2+', 'Kb1', 'Nd4', 'Rf1+', 'Ke4', 'Re1+', 'Kf5', 'Nxd4+', 'exd4', 'Rf3+', 'Kg4', 'Rd3', 'Rh1', 'Rxd4+', 'Kf3', 'Rxh1', 'Rxh1+', 'Kc2', 'Rh2+', 'Kc3', 'Ke2', 'Re4+', 'Kd1', 'Re7', 'Rh3+', 'Kb4', 'Kc2', 'Kxa4', 'Kxb2', 'Rxc7', 'Rxa3+', 'Kb5', 'Rb3+', 'Ka6', 'Kc3', 'd6', 'Kb4', 'Kxb6', 'Rd3', 'Kc6', '1-0']",110
113,1147494017,10/05/2015 12:01,10/05/2015 12:03,blitz,chess,600512,resigned,13903110,win,"['e4', 'd5', 'exd5', 'Qxd5', 'd4', 'Nc6', 'Ne2', 'Bg4', 'f3', 'Bf5', 'Nbc3', 'Qd7', 'd5', 'Ne5', 'Bf4', 'Ng6', 'Bg3', 'O-O-O', 'Qd4', 'Kb8', 'O-O-O', 'Nf6', 'h4', 'h5', 'Bf2', 'b6', 'Ng3', 'e5', 'Qc4', 'Nf4', 'Qa6', 'N4xd5', 'Nxf5', 'Qxf5', 'Nb5', 'Qf4+', 'Rd2', 'Qxd2+', 'Kxd2', 'Nb4+', 'Kc1', 'Nxa6', 'Bc4', 'Bc5', '0-1']",45
