Fide id,Federation,Gender,Year_of_birth,Title,Standard_Rating,Rapid_rating,Blitz_rating,Inactive_flag,firstName,lastName
7900970,DZA,F,1988,WGM,2071,1979,2009,wa,Mezioud, Amina
109878,ARG,F,1985,International_Master,2346,2375,2294,wa,Lujan, Carolina
100536,ARG,F,1970,WGM,2248,2270,2239,wa,Amura, Claudia
13300210,ARM,F,1978,Grand_Master,2407,2358,2289,wa,Danielian, Elina
13308130,ARM,F,2001,WGM,2402,2304,2263,wa,Sargsyan, Anna M.
13300601,ARM,F,1982,International_Master,2388,2306,2319,wa,Mkrtchian, Lilit
13301314,ARM,F,1983,International_Master,2285,2282,2275,wi,Galojan, Lilit
13300270,ARM,F,1994,WGM,2228,2147,2210,wa,Gevorgyan, Maria
4129709,ARM,F,1986,WGM,2221,2281,1925,wa,Kursova, Maria
13300628,ARM,F,1981,WGM,2207,1931,1925,wi,Aginian, Nelly
13300610,ARM,F,1977,WGM,2032,1931,1925,wi,Movsisyan, Naira
3202232,AUS,F,1957,WGM,2350,1931,1925,wi,Nutu-Gajic, Daniela
4127714,AUS,F,1974,WGM,2299,2259,2232,wa,Ryjanova, Julia
8602867,AUS,F,1986,WGM,2245,2246,1925,wa,Zhang, Jilin
3201937,AUS,F,1965,International_Master,2081,2100,2087,wa,Berezina, Irina
14902052,AUT,F,1982,WGM,2296,2285,2267,wa,Theissl Pokorna, Regina
1614142,AUT,F,1985,FIDE_Master,2204,2147,2189,wa,Ragger, Anna-Christina
13403729,AZE,F,2000,International_Master,2443,2280,2242,wa,Mammadzada, Gunay
13403508,AZE,F,1991,International_Master,2382,2400,2328,wa,Mammadova, Gulnar
13406396,AZE,F,2001,WGM,2376,2093,2119,wa,Balajayeva, Khanim
13400045,AZE,F,1975,WGM,2314,2304,1925,wi,Kadimova, Ilaha
13400010,AZE,F,1970,WGM,2313,1931,1925,wi,Sofieva, Ainur
13402005,AZE,F,1989,WGM,2309,2243,2263,wa,Mamedjarova, Turkan
13403052,AZE,F,1996,WGM,2301,2310,2240,wa,Fataliyeva, Ulviyya
13402137,AZE,F,1989,WGM,2281,2157,2171,wa,Umudova, Nargiz
13402625,AZE,F,1994,WGM,2279,2031,2109,wi,Khalafova, Narmin
13401521,AZE,F,1983,WGM,2274,2198,2250,wa,Mamedjarova, Zeinab
13401807,AZE,F,1993,WGM,2263,2022,2060,wa,Abdulla, Khayala
13400029,AZE,F,1970,WGM,2240,1931,1925,wi,Velikhanli, Firuza
13401491,AZE,F,1999,WGM,2238,2104,1990,wi,Hojjatova, Aydan
13402951,AZE,F,1993,WGM,2217,1931,2269,wa,Kazimova, Narmin
14102110,BEL,F,1980,International_Master,2258,2245,2277,wi,Zozulia, Anna
14400073,BIH,F,1964,WGM,2231,1931,1925,wa,Misanovic, Vesna
13509926,BLR,F,2002,International_Master,2427,2246,2197,wa,Badelka, Olga
13505211,BLR,F,1995,International_Master,2373,2299,2271,wi,Ziaziulkina, Nastassia
13502875,BLR,F,1975,WGM,2253,1931,1925,wi,Romanova, Inna
13505300,BLR,F,1993,FIDE_Master,2196,2167,2025,wi,Stetsko, Lanita
13500201,BLR,F,1969,WGM,2153,2130,1925,wa,Lagvilava, Genrieta
13500210,BLR,F,1958,WGM,2065,2062,2044,wa,Eidelson, Rakhil
13502336,BLR,F,1985,WGM,2065,2058,1962,wi,Herasimovich, Volha
2109220,BRA,F,1991,FIDE_Master,2252,2212,2225,wa,Terao, Juliana Sayumi
2902257,BGR,F,1979,Grand_Master,2462,2461,2485,wa,Stefanova, Antoaneta
2915138,BGR,F,2003,International_Master,2372,2085,1973,wa,Salimova, Nurgyul
2907763,BGR,F,1987,International_Master,2322,2319,2248,wi,Videnova, Iva
2922029,BGR,F,2004,FIDE_Master,2296,1605,1459,wa,Krasteva, Beloslava
2916711,BGR,F,2003,FIDE_Master,2274,2035,1850,wa,Peycheva, Gergana
2908689,BGR,F,1988,WGM,2247,2276,2184,wi,Nikolova, Adriana
2915235,BGR,F,2002,FIDE_Master,2238,2110,2179,wa,Antova, Gabriela
2903229,BGR,F,1978,WGM,2217,1931,1925,wa,Djingarova, Emilia
2903210,BGR,F,1976,WGM,2197,1931,2276,wi,Velcheva, Maria
2900602,BGR,F,1963,WGM,2186,2282,2212,wa,Voyska, Margarita
4150740,CAN,F,1987,WGM,2261,2265,2215,wa,Burtasova, Anna
2620472,CAN,F,2002,WGM,2257,2113,1886,wa,Ouellet, Maili-Jade
505161,CAN,F,2000,FIDE_Master,2229,1931,1925,wa,Zhou, Qiyu
8602980,CHN,F,1994,Grand_Master,2658,2621,2601,wa,Hou, Yifan
8600147,CHN,F,1970,Grand_Master,2574,1931,1925,wi,Xie, Jun
8603006,CHN,F,1991,Grand_Master,2560,2610,2536,wa,Ju, Wenjun
8603642,CHN,F,1991,Grand_Master,2510,2501,2510,wa,Tan, Zhongyi
8605114,CHN,F,1997,Grand_Master,2505,2527,2530,wa,Lei, Tingjie
8602727,CHN,F,1987,WGM,2491,1931,1925,wi,Ruan, Lufei
8601283,CHN,F,1985,Grand_Master,2486,2442,2407,wa,Zhao, Xue
8600430,CHN,F,1975,WGM,2484,1931,1925,wi,Wang, Lei
8600350,CHN,F,1974,WGM,2466,1931,1925,wi,Qin, Kanying
8600635,CHN,F,1976,Grand_Master,2465,1931,1925,wi,Xu, Yuhua
8608059,CHN,F,2002,WGM,2459,2326,2249,wa,Zhu, Jiner
8602689,CHN,F,1986,WGM,2433,2464,2311,wa,Huang, Qian
8604070,CHN,F,1995,WGM,2426,2421,2378,wa,Wang, Jue
8602972,CHN,F,1991,WGM,2422,2349,2313,wa,Ding, Yixin
8604002,CHN,F,1995,International_Master,2418,2446,2338,wa,Guo, Qi
8603162,CHN,F,1989,International_Master,2401,2383,2331,wa,Shen, Yang
8608466,CHN,F,1997,WGM,2389,2377,2186,wa,Ni, Shiqun
8600406,CHN,F,1974,WGM,2387,1931,1925,wi,Wang, Pin
8600201,CHN,F,1996,WGM,2366,2351,2342,wa,Zhai, Mo
8605912,CHN,F,1993,WGM,2328,2171,2091,wa,Li, Xueyi
8600643,CHN,F,1978,International_Master,2323,2363,2263,wa,Li, Ruofan
8601089,CHN,F,1981,WGM,2317,2294,2281,wa,Xu, Yuanyuan
8603219,CHN,F,1989,WGM,2307,2348,2265,wa,Zhang, Xiaowen
8606161,CHN,F,1996,WGM,2301,2202,2205,wa,Xiao, Yiyi
8601097,CHN,F,1982,International_Master,2294,2233,2291,wa,Wang, Yu A.
8600376,CHN,F,1968,WGM,2270,1931,1925,wi,Ning, Chunhong
8602611,CHN,F,1985,WGM,2263,2221,2174,wa,Gu, Xiaobing
8600392,CHN,F,1961,WGM,2175,1931,1925,wi,Wu, Mingqian
8602417,CHN,F,1983,WGM,2106,2170,1925,wi,Tian, Tian
8600279,CHN,F,1962,WGM,2083,1931,1925,wi,Liu, Shilan
4404564,COL,F,1996,International_Master,2257,2312,2199,wi,Rodriguez Rueda, Paula Andrea
4401778,COL,F,1986,WGM,2153,2232,2209,wi,Ortiz, Nadya Karolina
4402618,COL,F,1987,WGM,2103,2050,2106,wa,Franco Valencia, Beatriz Irene
4699360,HRV,F,1992,WGM,2346,1931,1925,wi,Stock, Lara
14534215,HRV,F,2001,FIDE_Master,2242,1951,2016,wa,Cvitan, Ena
4501993,HRV,F,1990,WGM,2209,2195,2164,wa,Golubenko, Valentina
14501619,HRV,F,1964,WGM,2207,2232,2154,wa,Medic, Mirjana
3506940,CUB,F,1988,International_Master,2369,2290,2301,wa,Ordaz Valdes, Lisandra Teresa
3503151,CUB,F,1981,WGM,2302,1931,2315,wi,Pina Vega, Sulennis
3511685,CUB,F,1992,WGM,2262,1931,2156,wa,Hernandez Moya, Yuleisy
3504794,CUB,F,1983,WGM,2215,1931,2357,wa,Linares Napoles, Oleiny
3501418,CUB,F,1971,WGM,2204,2261,2185,wa,Arribas Robaina, Maritza
3501280,CUB,F,1963,WGM,2140,1931,2105,wa,Ramon Pita, Vivian
3503950,CUB,F,1983,WGM,2139,1931,2319,wi,Marrero Lopez, Yaniet
3501434,CUB,F,1963,WGM,2049,1931,2129,wa,Frometa Castillo, Zirka
308498,CZE,F,1982,International_Master,2402,1931,1925,wi,Jackova, Jana
1118080,CZE,F,1986,WGM,2326,2307,2157,wa,Worek, Joanna
304050,CZE,F,1976,WGM,2303,1931,1925,wi,Krupkova, Petra
320242,CZE,F,1993,WGM,2286,2173,2176,wa,Olsarova, Karolina
307033,CZE,F,1975,WGM,2205,2111,2256,wa,Sikorova, Olga
300683,CZE,F,1959,WGM,2183,2227,2172,wa,Richtrova, Eliska
318779,CZE,F,1987,WGM,2178,2173,2250,wa,Kulovana, Eva
325449,CZE,F,1991,WGM,2175,1931,2140,wa,Rodshtein, Tereza
302538,CZE,F,1926,WGM,2104,1931,1925,wi,Eretova, Kveta
3600270,ECU,F,1977,International_Master,2359,2304,2214,wi,Fierro Baquero, Martha L.
3603687,ECU,F,1991,WGM,2114,2162,2092,wa,Heredia Serrano, Carla
3601498,ECU,F,1988,WGM,1896,1931,1925,wi,Bravo Choez, Ana
10609970,EGY,F,1997,WGM,2182,2041,2058,wi,Wafa, Shrook
10609962,EGY,F,1998,WGM,2140,2002,2008,wa,Wafa, Shahenda
10605908,EGY,F,1994,WGM,2127,2139,2072,wi,Mona, Khaled
403512,GBR,F,1978,International_Master,2414,2391,1925,wi,Hunt, Harriet V
405094,GBR,F,1980,International_Master,2381,2317,2345,wa,Houska, Jovanka
12800619,GBR,F,1977,International_Master,2294,1931,2288,wa,Ciuksyte, Dagne
1119907,GBR,F,1985,WGM,2289,2202,2210,wa,Toma, Katarzyna
401510,GBR,F,1965,International_Master,2260,1931,1925,wi,Lalic, Susan K
6000347,GBR,F,1990,WGM,2255,1931,1925,wi,Corke, Anya S
422894,GBR,F,2001,FIDE_Master,2149,1869,1913,wa,Kalaiyalahan, Akshaya
402508,GBR,F,1957,WGM,2095,2065,1925,wa,Jackson, Sheila
402168,GBR,F,1947,WGM,2013,1931,1925,wa,Bellin, Jana M
13601377,ESP,F,1983,International_Master,2421,2361,2438,wa,Matnadze, Ana
14102463,ESP,F,1978,International_Master,2420,2406,2408,wa,Alexandrova, Olga
2219026,ESP,F,1987,International_Master,2380,2243,2248,wa,Vega Gutierrez, Sabrina
32084030,ESP,F,2000,International_Master,2328,2097,2177,wa,Garcia Martin, Marta
2204185,ESP,F,1972,WGM,2302,2103,2121,wa,Calzetta Ruiz, Monica
2200465,ESP,F,1955,FIDE_Master,2270,1931,1925,wi,Pares Vives, Natalia
3501868,ESP,F,1974,WGM,2207,2221,1925,wi,Delgado Crespo, Mairelys
4500156,EST,F,1954,WGM,2192,2117,2064,wa,Fomina, Tatyana
500879,FIN,F,1974,FIDE_Master,2162,2090,2136,wa,Paasikangas, Johanna
617822,FRA,F,1986,Grand_Master,2438,2413,2482,wa,Sebag, Marie
13900145,FRA,F,1976,International_Master,2418,2227,2298,wa,Skripchenko, Almira
639370,FRA,F,1988,International_Master,2415,2284,2270,wa,Guichard, Pauline
623725,FRA,F,1983,International_Master,2401,2381,2296,wa,Milliet, Sophie
2902265,FRA,F,1974,International_Master,2271,2286,2315,wa,Alexieva, Silvia
618446,FRA,F,1970,WGM,2244,2188,2108,wa,Leconte, Maria
13601717,FRA,F,1982,WGM,2214,2216,2175,wa,Maisuradze, Nino
1206435,FRA,F,1979,WGM,2213,1931,2208,wi,Hamdouchi, Adina-Maria
11600209,FRA,F,1960,WGM,2001,2173,2077,wa,Safranska, Anda
603996,FRA,F,1964,FIDE_Master,2000,1931,1925,wi,Winkler, Gabriele
13601903,GEO,F,1987,Grand_Master,2524,2447,2391,wa,Dzagnidze, Nana
13600036,GEO,F,1961,Grand_Master,2500,2432,2437,wi,Chiburdanidze, Maia
13600079,GEO,F,1962,International_Master,2475,1931,1925,wi,Ioseliani, Nana
13601458,GEO,F,1984,International_Master,2475,2383,2332,wa,Javakhishvili, Lela
13602640,GEO,F,1988,Grand_Master,2458,2413,2320,wa,Khotenashvili, Bela
13602993,GEO,F,1987,Grand_Master,2457,2425,2278,wa,Batsiashvili, Nino
13604040,GEO,F,1994,International_Master,2428,2434,2432,wa,Arabidze, Meri
13602446,GEO,F,1987,International_Master,2370,2271,2211,wa,Melia, Salome
13603434,GEO,F,1992,WGM,2363,2191,2246,wa,Tsatsalashvili, Keti
13600230,GEO,F,1949,WGM,2342,1931,1925,wi,Alexandria, Nana
13600656,GEO,F,1977,International_Master,2342,2347,2348,wi,Lomineishvili, Maia
13602055,GEO,F,1985,International_Master,2339,2309,2282,wa,Khukhashvili, Sopiko
13603191,GEO,F,1998,WGM,2319,2342,2210,wa,Khomeriki, Nino
13601440,GEO,F,1983,International_Master,2308,2215,2289,wa,Gvetadze, Sofio
13600788,GEO,F,1975,WGM,2307,1931,1925,wi,Edzgveradze, Natalia
13602470,GEO,F,1985,WGM,2306,1931,2312,wi,Tsereteli, Tamar
13600222,GEO,F,1961,International_Master,2295,2253,2266,wi,Gurieli, Nino
13600508,GEO,F,1977,WGM,2284,2278,1925,wi,Darchia, Diana
13601431,GEO,F,1983,WGM,2276,2332,2219,wa,Charkhalashvili, Inga
13602659,GEO,F,1988,International_Master,2274,2229,2178,wi,Purtseladze, Maka
13600125,GEO,F,1941,Grand_Master,2270,2199,2105,wa,Gaprindashvili, Nona
13603108,GEO,F,1989,WGM,2269,2230,2244,wa,Mikadze, Miranda
13600737,GEO,F,1979,WGM,2269,1966,1798,wi,Tqeshelashvili, Sopio
13600419,GEO,F,1975,WGM,2260,2049,2074,wi,Khurtsilava, Inga
4641833,DEU,F,1985,International_Master,2473,2369,2396,wa,Paehtz, Elisabeth
1106686,DEU,F,1978,WGM,2350,2292,2377,wa,Michna, Marta
14102145,DEU,F,1974,WGM,2336,2352,2363,wa,Melamed, Tatjana
24606812,DEU,F,1988,WGM,2334,2361,2325,wa,Papp, Sarah
4623614,DEU,F,1971,International_Master,2324,2308,1925,wa,Kachiani-Gersinska, Ketino
4671660,DEU,F,1961,International_Master,2320,2340,1925,wa,Schleining, Zoya
4680790,DEU,F,1966,WGM,2314,1931,1925,wi,Graf, Rena
12956830,DEU,F,2002,FIDE_Master,2314,2125,2142,wa,Schulze, Lara
4682920,DEU,F,1967,WGM,2308,1931,1925,wi,Klink, Tamara
4630610,DEU,F,1969,WGM,2299,1931,1925,wi,Borulya, Ekaterina Uriivna
24670057,DEU,F,1995,WGM,2296,1931,2255,wa,Klek, Hanna Marie
24633569,DEU,F,1996,WGM,2293,2154,2320,wa,Osmanodja, Filiz
4611870,DEU,F,1921,WGM,2290,1931,1925,wi,Keller-Hermann, Edith
4690745,DEU,F,1990,WGM,2287,1931,2263,wa,Lubbe, Melanie
12900460,DEU,F,1998,WGM,2281,2177,2219,wa,Heinemann, Josefine
4608682,DEU,F,1969,WGM,2278,1931,1925,wi,Trabert, Bettina
14200686,DEU,F,1984,WGM,2277,2264,2283,wa,Koepke, Elena
4617339,DEU,F,1969,WGM,2270,1931,1925,wi,Juergens, Vera
12924997,DEU,F,2002,FIDE_Master,2270,2138,2028,wa,Schneider, Jana
14102412,DEU,F,1979,WGM,2238,1931,1925,wi,Sarana-Hungeling, Oksana
4636546,DEU,F,1979,WGM,2234,2219,1925,wa,Schmidt, Jessica
24605611,DEU,F,1990,WGM,2216,2291,2326,wa,Fuchs, Judith
4603966,DEU,F,1955,WGM,2213,1931,2213,wi,Fischdick, Gisela
14102757,DEU,F,1978,WGM,2137,1931,1925,wa,Straub, Natalia
4672291,DEU,F,1965,FIDE_Master,2096,1931,1925,wi,Shmirina, Halyna
723916,GRC,F,1983,International_Master,2448,1931,1925,wi,Dembo, Yelena
4264312,GRC,F,2000,International_Master,2391,2305,2343,wa,Tsolakidou, Stavroula
4239873,GRC,F,2000,FIDE_Master,2267,2052,2183,wa,Avramidou, Anastasia
4200446,GRC,F,1972,WGM,2222,1931,2374,wi,Botsari, Anna-Maria
4200187,GRC,F,1960,WGM,2173,1931,1925,wa,Makropoulou, Marina
4203593,GRC,F,1979,WGM,2037,1931,1925,wi,Kouvatsou, Maria
700070,HUN,F,1976,Grand_Master,2675,2646,2736,wi,Polgar, Judit
700088,HUN,F,1969,Grand_Master,2577,1931,1925,wi,Polgar, Susan
700231,HUN,F,1974,International_Master,2450,1931,1925,wi,Polgar, Sofia
12400149,HUN,F,1980,Grand_Master,2407,2338,2364,wa,Hoang, Thanh Trang
717444,HUN,F,1984,WGM,2371,2274,2340,wa,Gara, Ticia
705136,HUN,F,1977,International_Master,2355,1931,1925,wi,Medvegy, Nora Dr.
723894,HUN,F,1979,International_Master,2348,2239,2347,wa,Lazarne Vajda, Szidonia
709751,HUN,F,1983,International_Master,2345,2279,2244,wa,Gara, Anita
750930,HUN,F,2001,WGM,2338,2251,2156,wa,Marjanovic, Annamaria
739049,HUN,F,1993,WGM,2338,2239,2259,wa,Papp, Petra
704458,HUN,F,1976,WGM,2335,1931,1925,wi,Grabics, Monika
722855,HUN,F,1987,International_Master,2325,1931,1925,wi,Rudolf, Anna
700550,HUN,F,1969,International_Master,2322,1931,1925,wa,Madl, Ildiko
702358,HUN,F,1950,WGM,2260,1931,1925,wi,Ivanka, Maria
721530,HUN,F,1987,WGM,2248,1931,2237,wi,Schneider, Veronika
701068,HUN,F,1949,WGM,2246,1931,1925,wi,Veroci, Zsuzsa
705128,HUN,F,1978,WGM,2213,2237,1925,wa,Lakos, Nikoletta
700576,HUN,F,1958,WGM,2104,2021,2091,wa,Csonkics, Tunde
7101937,IDN,F,1992,International_Master,2413,2381,2313,wa,Sukandar, Irine Kharisma
7101570,IDN,F,1997,International_Master,2360,2344,2199,wi,Aulia, Medina Warda
5008123,IND,F,1987,Grand_Master,2586,2483,2483,wa,Koneru, Humpy
5015197,IND,F,1991,Grand_Master,2515,2450,2422,wa,Harika, Dronavalli
5091756,IND,F,2001,WGM,2393,2149,2313,wa,Vaishali R,
5007844,IND,F,1986,International_Master,2392,2339,2280,wa,Tania, Sachdev
5019516,IND,F,1992,International_Master,2391,2325,2224,wa,Kulkarni Bhakti,
5029295,IND,F,1994,International_Master,2370,2355,2196,wa,Padmini, Rout
5050847,IND,F,1996,WGM,2365,2131,1989,wa,Nandhidhaa, P V
5013623,IND,F,1989,WGM,2354,2305,2106,wa,Gomes, Mary Ann
5016193,IND,F,1989,International_Master,2351,2249,2115,wa,Soumya, Swaminathan
5012600,IND,F,1987,International_Master,2345,2344,2258,wa,Karavade, Eesha
5004098,IND,F,1979,International_Master,2332,2262,2252,wa,Vijayalakshmi, Subbaraman
5091241,IND,F,1998,WGM,2226,1910,2061,wa,Varshini, V
5055903,IND,F,1997,WGM,2219,2087,1995,wa,Srija, Seshadri
5004330,IND,F,1980,International_Master,2195,2260,2117,wa,Mohota, Nisha
5004381,IND,F,1981,WGM,2171,2051,2161,wa,Meenakshi Subbaraman,
5019575,IND,F,1989,WGM,2168,2174,2143,wa,Kiran, Manisha Mohanty
5003474,IND,F,1980,WGM,2145,2178,2128,wa,Swati Ghate,
5012716,IND,F,1988,WGM,2142,2225,1925,wi,Nadig, Kruttika
5004373,IND,F,1981,WGM,2074,1991,1922,wa,Ramaswamy, Aarthie
12512214,IRN,F,1997,International_Master,2494,2393,2431,wa,Khademalsharieh, Sarasadat
12502014,IRN,F,1988,WGM,2322,2290,2285,wa,Pourkashiyan, Atousa
12505951,IRN,F,1993,WGM,2300,2237,2239,wa,Hejazipour, Mitra
12500666,IRN,F,1986,WGM,2250,1931,1925,wi,Paridar, Shadi
305650,ISL,F,1976,WGM,2117,2196,1984,wa,Ptacnikova, Lenka
14100126,ISR,F,1994,International_Master,2332,2260,2223,wa,Shvayger, Yuliya
2810964,ISR,F,1995,WGM,2319,2163,2215,wa,Efroimski, Marsel
2806819,ISR,F,1985,WGM,2284,1931,1925,wi,Gesser, Bella
2802015,ISR,F,1968,International_Master,2275,2301,2274,wa,Klinova, Masha
2802244,ISR,F,1977,WGM,2259,1931,1925,wi,Pitam, Ella
2806452,ISR,F,1967,International_Master,2117,2120,1925,wa,Borsuk, Angela
4132190,ITA,F,1982,International_Master,2378,2327,2229,wa,Zimina, Olga
822590,ITA,F,1994,International_Master,2368,2316,2328,wa,Brunello, Marina
812153,ITA,F,1968,International_Master,2299,2264,2260,wa,Sedina, Elena
875813,ITA,F,2000,FIDE_Master,2189,1963,1917,wa,Di Benedetto, Desiree
807583,ITA,F,1951,FIDE_Master,1846,1931,1925,wi,Fittante, Giuliana
13700090,KAZ,F,1996,International_Master,2500,2412,2378,wa,Saduakassova, Dinara
13703544,KAZ,F,2000,International_Master,2478,2462,2409,wa,Abdumalik, Zhansaya
13708694,KAZ,F,2004,FIDE_Master,2378,2321,2232,wa,Assaubayeva, Bibisara
13704788,KAZ,F,1991,International_Master,2328,2270,2185,wa,Nakhbayeva, Guliskhan
13702971,KAZ,F,1988,WGM,2319,2184,2205,wa,Dauletova, Gulmira
13702122,KAZ,F,1983,WGM,2315,2323,1925,wi,Duisenova, Madina
13701037,KAZ,F,1983,WGM,2291,1931,2323,wa,Sergeyeva, Mariya
13700081,KAZ,F,1964,WGM,2245,2208,2233,wi,Khasanova, Flyura
13703595,KAZ,F,1989,WGM,2235,2226,2115,wa,Davletbayeva, Madina
13702114,KAZ,F,1962,WGM,2076,1989,1946,wa,Ankudinova, Yelena
11601876,LVA,F,1988,WGM,2297,2285,2129,wa,Rogule, Laura
11601124,LVA,F,1981,WGM,2279,2204,2232,wa,Reizniece-Ozola, Dana
11601345,LVA,F,1984,WGM,2192,2090,2137,wa,Berzina, Ilze
11600250,LVA,F,1962,International_Master,2192,1931,1925,wi,Rause, Olita
11600241,LVA,F,1966,WGM,2116,2090,1925,wi,Erneste, Inguna
11602589,LVA,F,1954,WGM,1975,2083,1925,wi,Vilerte, Tamara
12801259,LTU,F,1983,Grand_Master,2538,2394,2435,wi,Cmilyte, Viktorija
12802859,LTU,F,1989,International_Master,2400,2362,2285,wa,Daulyte-Cornette, Deimante
2014599,LTU,F,1967,WGM,2133,2123,2105,wa,Baginskaite, Kamile
4000510,LUX,F,1965,WGM,2326,2326,2340,wa,Berend, Elvira
13900285,LUX,F,1976,WGM,2247,2313,2240,wa,Wagener, Anna
13900129,MDA,F,1951,WGM,2161,2121,2123,wi,Agababean, Naira
13900102,MDA,F,1963,WGM,2158,2114,2151,wa,Sheremetieva, Marina
13900382,MDA,F,1977,WGM,2092,1931,1925,wi,Smokina, Karolina
13901001,MDA,F,1984,WGM,2079,2082,1938,wa,Partac, Elena
13900196,MDA,F,1974,International_Master,2030,2052,2014,wa,Petrenko, Svetlana
4900758,MNG,F,1987,International_Master,2428,2364,2285,wa,Munguntuul, Batkhuyag
4900782,MNG,F,2000,International_Master,2383,2235,2188,wa,Nomin-Erdene, Davaademberel
4900839,MNG,F,1986,International_Master,2356,2311,2295,wi,Batchimeg, Tuvshintugs
4900227,MNG,F,1998,WGM,2288,1995,1966,wi,Uuriintuya, Uurtsaikh
4901444,MNG,F,1994,WGM,2228,2039,2059,wa,Enkhtuul, Altan-Ulzii
4902661,MNG,F,2001,FIDE_Master,2126,1655,1745,wi,Amina, Battsooj
4902122,MNG,F,1995,FIDE_Master,2111,1889,1958,wa,Khulan, Enkhsaikhan
4903188,MNG,F,2002,FIDE_Master,2020,1771,1836,wa,Ulziikhishigjargal, Ochirkhuyag
14107449,MCO,F,1982,WGM,2268,2248,2206,wa,Dornbusch, Tatiana
13602888,NLD,F,1991,International_Master,2383,2328,2321,wa,Guramishvili, Sopiko
1004786,NLD,F,1968,Grand_Master,2358,1931,2133,wa,PGBR, Zhaoqin
1003259,NLD,F,1968,FIDE_Master,2346,1931,1925,wi,Schuurman, Petra
1017292,NLD,F,1993,WGM,2318,1931,2320,wa,Haast, Anne
1213261,NLD,F,1989,WGM,2300,2261,2255,wa,Werle, Iozefina
1008498,NLD,F,1986,WGM,2249,1931,1925,wi,De Jong-Muhren, Bianca
1002457,NLD,F,1967,WGM,2217,1931,1925,wa,Sziva, Erika
1005308,NLD,F,1974,International_Master,2214,1931,1925,wa,Lanchava, Tea
1033689,NLD,F,2000,FIDE_Master,2096,1917,2047,wa,Kazarian, Anna-Maja
14105870,NOR,F,1979,WGM,2208,2109,2099,wa,Dolzhikova, Olga
500755,NOR,F,1971,WGM,2197,2221,2222,wa,Koskela, Niina
3801934,PER,F,1993,WGM,2388,2340,2391,wa,Cori T., Deysi
5212499,PHL,F,1997,WGM,2179,2102,2113,wa,Frayna, Janelle Mae
1106619,POL,F,1978,Grand_Master,2428,2321,2289,wa,Socko, Monika
1122320,POL,F,1987,WGM,2419,2313,2257,wa,Zawadzka, Jolanta
1122681,POL,F,1987,International_Master,2411,2330,2304,wa,Cyfka, Karina
1108166,POL,F,1981,International_Master,2394,2381,1925,wi,Rajlich, Iweta
1101315,POL,F,1962,WGM,2344,2347,2279,wi,Brustman, Agnieszka
1119990,POL,F,1986,WGM,2338,2242,1925,wi,Zawadzka, Beata
1131044,POL,F,1992,International_Master,2336,2239,2272,wa,Kulon, Klaudia
1121979,POL,F,1988,WGM,2325,2217,2249,wa,Majdan, Joanna
1107445,POL,F,1978,International_Master,2322,2237,2228,wi,Dworakowska, Joanna
1130790,POL,F,1992,WGM,2279,2108,2062,wa,Warakomska, Anna
1102575,POL,F,1946,WGM,2241,1931,1895,wi,Erenska-Barlo, Hanna
1106660,POL,F,1977,WGM,2219,2150,1925,wi,Krupa, Monika
1123009,POL,F,1988,WGM,2192,2119,2058,wa,Bartel, Marta
1107453,POL,F,1977,WGM,2188,2040,1932,wa,Jaracz, Barbara
1104454,POL,F,1973,WGM,2187,2197,1925,wi,Dabrowska, Krystyna
21807558,POL,F,2003,FIDE_Master,1934,1968,1828,wa,Jarocka, Liwia
3101193,PRI,F,2000,FIDE_Master,2090,2014,2008,wa,Vazquez Maccarini, Danitza
8600546,QAT,F,1976,Grand_Master,2423,2404,2378,wi,Zhu, Chen
13903063,ROU,F,1993,International_Master,2434,2351,2335,wa,Bulmaga, Irina
1201930,ROU,F,1978,International_Master,2392,2355,2293,wa,Peptan, Corina-Isabela
1201590,ROU,F,1972,WGM,2311,2244,2079,wa,Cosma, Elena-Luminita
1210246,ROU,F,1985,International_Master,2287,2345,2249,wa,L'Ami, Alina
1208063,ROU,F,1983,WGM,2272,1931,1925,wi,Calotescu, Ana-Cristina
1204327,ROU,F,1977,WGM,2268,2185,2169,wa,Sandu, Mihaela
1200712,ROU,F,1964,WGM,2256,1931,1925,wi,Olarasu, Gabriela
1206729,ROU,F,1981,WGM,2244,2222,2193,wa,Voicu-Jagodzinsky, Carmen
1201573,ROU,F,1950,WGM,2206,1931,1925,wi,Juncu, Margareta
1204750,ROU,F,1973,WGM,2202,2165,2117,wa,Ionescu, Irina
1205480,ROU,F,1980,WGM,2170,2144,1925,wa,Ionica, Iulia-Ionela
14301504,ZAF,F,1994,WGM,2125,1931,1925,wi,Greeff, Melissa
4147103,RUS,F,1998,Grand_Master,2582,2502,2441,wa,Goryachkina, Aleksandra
14109336,RUS,F,1989,Grand_Master,2546,2521,2608,wa,Lagno, Kateryna
4198026,RUS,F,1993,International_Master,2494,2384,2364,wa,Kashlinskaya, Alina
4134974,RUS,F,1985,Grand_Master,2483,2516,2519,wi,Kosintseva, Nadezhda
4133471,RUS,F,1986,Grand_Master,2475,2496,2506,wi,Kosintseva, Tatiana
4147855,RUS,F,1985,WGM,2475,2499,2311,wa,Pogonina, Natalija
4128125,RUS,F,1984,Grand_Master,2471,2517,2521,wa,Kosteniuk, Alexandra
4195752,RUS,F,1991,WGM,2469,2471,2297,wa,Girya, Olga
24171760,RUS,F,2001,WGM,2454,2379,2319,wa,Shuvalova, Polina
4144228,RUS,F,1985,International_Master,2448,1931,1925,wi,Korbut, Ekaterina
4129725,RUS,F,1972,International_Master,2438,2356,2412,wi,Galliamova, Alisa
4167570,RUS,F,1989,Grand_Master,2431,2427,2476,wa,Gunina, Valentina
4181751,RUS,F,1992,International_Master,2411,2308,2415,wa,Bodnaruk, Anastasia
4100123,RUS,F,1996,WGM,2386,2248,2219,wa,Bivol, Alina
4116704,RUS,F,1974,International_Master,2384,2282,2177,wa,Kovalevskaya, Ekaterina
4120876,RUS,F,1979,International_Master,2381,2348,2388,wa,Turova, Irina
4119827,RUS,F,1969,International_Master,2380,2338,2231,wa,Matveeva, Svetlana
4149351,RUS,F,1986,International_Master,2378,2252,2259,wa,Guseva, Marina
4131827,RUS,F,1982,International_Master,2372,2235,2092,wa,Ovod, Evgenija
4166299,RUS,F,1989,International_Master,2371,2328,2262,wa,Ambartsumova, Karina
34127035,RUS,F,2004,WGM,2357,2236,2259,wa,Garifullina, Leya
4180917,RUS,F,1990,International_Master,2356,2275,2332,wa,Charochkina, Daria
4162340,RUS,F,1986,WGM,2353,2173,2124,wa,Tomilova, Elena
4104897,RUS,F,1956,WGM,2352,1931,1925,wi,Zaitseva, Ludmila G.
4164083,RUS,F,1987,WGM,2343,2315,2187,wa,Kovanova, Baira
4182146,RUS,F,1994,WGM,2343,2361,2356,wa,Voit, Daria
4139518,RUS,F,1969,International_Master,2336,2258,2342,wi,Zaiatz, Elena
4196872,RUS,F,1992,International_Master,2333,2220,2229,wa,Savina, Anastasia
24165956,RUS,F,1997,WGM,2325,2232,2200,wa,Chernyak, Viktoria
4108370,RUS,F,1965,WGM,2325,1931,1925,wi,Shumiakina, Tatiana
4119118,RUS,F,1974,WGM,2320,2349,2340,wi,Shadrina, Tatiana
4148827,RUS,F,1985,WGM,2319,1931,2290,wi,Karnaukhova, Elmira
4105621,RUS,F,1969,WGM,2316,2288,1925,wi,Demina, Julia
24173770,RUS,F,2002,FIDE_Master,2306,2219,2225,wa,Goltseva, Ekaterina
24153648,RUS,F,2001,WGM,2305,2213,2113,wa,Obolentseva, Alexandra
4106970,RUS,F,1965,WGM,2305,1931,1925,wi,Stepovaia, Tatiana
24142654,RUS,F,1993,WGM,2297,2135,2247,wa,Belenkaya, Dina
4109040,RUS,F,1963,WGM,2288,2260,1985,wi,Mikhaylova, Irina
4129903,RUS,F,1982,WGM,2288,2201,2235,wi,Sudakova, Irina
34124184,RUS,F,2000,FIDE_Master,2283,2119,2102,wa,Borisova, Ekaterina
4185641,RUS,F,1989,WGM,2278,2349,2307,wi,Ivakhinova, Inna
24174041,RUS,F,2002,WGM,2272,2356,2295,wa,Maltsevskaya, Aleksandra
4163117,RUS,F,1986,WGM,2271,1931,1925,wi,Kucherova, Lija
4119851,RUS,F,1976,WGM,2262,1931,1925,wi,Roschina, Tatiana
4127951,RUS,F,1981,WGM,2261,2271,2135,wi,Mirzoeva, Elmira
4108256,RUS,F,1962,WGM,2260,2248,1925,wi,Rubzova, Tatiana
4108752,RUS,F,1967,WGM,2259,2202,2156,wa,Grabuzova, Tatiana
4152654,RUS,F,1985,WGM,2259,1931,1925,wi,Meshcheriakova, Evgenia
4141296,RUS,F,1985,International_Master,2258,2176,2153,wi,Vasilevich, Irina
4132203,RUS,F,1980,WGM,2245,2161,2220,wi,Molchanova, Tatjana
4163591,RUS,F,1989,WGM,2237,2197,2208,wa,Nebolsina, Vera
4135504,RUS,F,1982,WGM,2235,2186,2179,wi,Zakurdjaeva, Irina
4109228,RUS,F,1968,WGM,2232,1931,2240,wi,Kryukova, Irina
4127609,RUS,F,1977,International_Master,2215,2160,1925,wi,Mashinskaya, Iulia
4136632,RUS,F,1984,WGM,2214,1931,1925,wi,Melnikova, Yana
4108868,RUS,F,1954,WGM,2211,1931,1925,wa,Alekhina, Natalia V
4108558,RUS,F,1957,WGM,2210,2184,2214,wa,Strutinskaia, Galina
4165012,RUS,F,1998,WGM,2209,2146,2145,wa,Paramzina, Anastasya
4142411,RUS,F,1987,WGM,2206,2134,2108,wi,Fominykh, Maria
4128524,RUS,F,1981,WGM,2201,2070,2033,wi,Chasovnikova, Eugenia
4155548,RUS,F,1984,WGM,2197,1931,1925,wi,Borisova, Elizaveta
4190360,RUS,F,1984,WGM,2195,2040,2020,wi,Fatianova, Tatiana
4109651,RUS,F,1970,WGM,2190,2237,2135,wi,Stjazhkina, Olga
4110579,RUS,F,1958,WGM,2182,2057,1958,wa,Bogumil, Tatiana
14101807,RUS,F,1976,WGM,2166,2211,2158,wi,Fomichenko, Svetlana
4106792,RUS,F,1947,WGM,2162,2123,2004,wa,Fatalibekova, Elena
4111443,RUS,F,1966,WGM,2162,1981,2125,wi,Gladisheva, Tatjana
4118367,RUS,F,1968,WGM,2142,2064,2007,wi,Semenova, Irina
24108065,RUS,F,1990,WGM,2141,2027,2138,wi,Severiukhina, Zoja
4107098,RUS,F,1938,WGM,2140,2060,2099,wa,Kozlovskaya, Valentina
4152280,RUS,F,1981,WGM,2132,2069,1983,wa,Iljushina, Olga
4108698,RUS,F,1952,WGM,2130,2033,1868,wa,Saunina, Ludmila
4140389,RUS,F,1981,WGM,2097,2009,2041,wa,Shaydullina, Sandugach
4109961,RUS,F,1956,WGM,2092,1996,2015,wa,Mednikova, Svetlana
24128511,RUS,F,2000,FIDE_Master,2041,2060,2070,wa,Martynyuk, Elizaveta
24173550,RUS,F,2000,FIDE_Master,2024,1965,1916,wa,Tishova, Svetlana
13600168,GBR,F,1968,Grand_Master,2380,2282,2177,wa,Arakhamia-Grant, Ketevan
8602425,SGP,F,1985,WGM,2333,2322,2257,wa,Gong, Qianyun
14609215,SVN,F,1999,WGM,2315,2187,2176,wa,Unuk, Laura
14601982,SVN,F,1980,WGM,2227,2179,2053,wa,Krivec, Jana
14603314,SVN,F,1984,WGM,2149,2094,2181,wa,Srebrnic, Ana
14602334,SVN,F,1981,WGM,2126,2100,2106,wa,Kaps, Darja
904180,SRB,F,1970,International_Master,2387,1931,1925,wi,Maric, Alisa
908550,SRB,F,1971,International_Master,2363,1931,1925,wa,Bojkovic, Natasa
928682,SRB,F,1987,WGM,2348,2263,2293,wa,Stojanovic, Andjelija
937266,SRB,F,1992,WGM,2303,2314,2218,wa,Rapport, Jovana
938238,SRB,F,1992,WGM,2292,2199,2233,wa,Eric, Jovana
908029,SRB,F,1970,WGM,2263,1931,1925,wi,Maric, Mirjana
4617304,SRB,F,1964,WGM,2256,1931,1925,wa,Belic, Jordanka
927007,SRB,F,1974,WGM,2238,2239,2136,wa,Manakova, Maria
928615,SRB,F,1961,WGM,2224,2283,2256,wa,Chelushkina, Irina
929700,SRB,F,1967,WGM,2216,2201,1925,wa,Prudnikova, Svetlana
909807,SRB,F,1929,WGM,2215,1931,1925,wi,Nedeljkovic, Verica
913464,SRB,F,1977,WGM,2180,2242,2204,wa,Benderac, Ana
910589,SRB,F,1967,WGM,2160,1931,1925,wi,Vuksanovic, Sanja
929239,SRB,F,1986,WGM,2133,2263,1925,wa,Dimitrijevic, Aleksandra
904562,SRB,F,1962,WGM,2110,2236,2163,wa,Maksimovic, Suzana
910805,SRB,F,1938,WGM,2040,1931,1925,wi,Konarkowska-Sokolov, Henrijeta
12506540,CHE,F,1994,WGM,2265,2188,2189,wa,Hakimifard, Ghazal
1308521,CHE,F,1986,WGM,2243,2213,2198,wi,Mueller-Seps, Monika
1300237,CHE,F,1948,WGM,2185,1931,1925,wi,Lematschko, Tatjana
1301446,CHE,F,1959,WGM,2092,2111,2133,wa,Hund, Barbara
4139690,SVK,F,1981,WGM,2342,2271,2354,wa,Movsesian, Julia
14900440,SVK,F,1975,International_Master,2300,2358,2285,wa,Repkova, Eva
14900866,SVK,F,1977,International_Master,2285,2305,1925,wa,Hagarova, Zuzana
14905779,SVK,F,1988,WGM,2256,2291,2234,wa,Cibickova, Zuzana
1700030,SWE,F,1963,Grand_Master,2464,2396,2320,wa,Cramling, Pia
14000059,TKM,F,1973,WGM,2139,2209,2163,wi,Geldiyeva, Mahri
4130189,TUR,F,1982,International_Master,2450,2419,2228,wa,Atalik, Ekaterina
6302920,TUR,F,1989,WGM,2362,2365,2253,wa,Yildiz Kadioglu, Betul Cemre
6302599,TUR,F,1991,WGM,2330,2293,2384,wa,Ozturk, Kubra
14114550,UKR,F,1992,Grand_Master,2544,2506,2326,wa,Muzychuk, Mariya
14111330,UKR,F,1990,Grand_Master,2535,2533,2505,wa,Muzychuk, Anna
14101602,UKR,F,1998,International_Master,2438,2356,2242,wa,Osmak, Iulija
14110911,UKR,F,1985,Grand_Master,2416,2376,2387,wa,Ushenina, Anna
14123622,UKR,F,1996,International_Master,2410,2213,2214,wa,Buksa, Nataliya
14101181,UKR,F,1976,International_Master,2396,2375,2326,wa,Gaponenko, Inna
14109956,UKR,F,1986,WGM,2389,1931,1925,wi,Zdebskaja, Natalia
14101610,UKR,F,1977,International_Master,2360,2193,2146,wi,Vasilevich, Tatjana
14102358,UKR,F,1978,International_Master,2353,2314,1925,wi,Kononenko, Tatiana
14110571,UKR,F,1985,WGM,2338,1931,2294,wi,Vozovic, Oksana
14101513,UKR,F,1979,Grand_Master,2328,2312,2369,wa,Zhukova, Natalia
14100380,UKR,F,1949,WGM,2326,1931,1925,wi,Litynska, Marta
14109395,UKR,F,1963,WGM,2325,1931,1925,wi,Struchkova, Svetlana
14137054,UKR,F,2003,FIDE_Master,2324,2169,2054,wa,Berdnyk, Mariia
14117665,UKR,F,1993,WGM,2281,2222,2142,wi,Malakhova, Elizaveta
14109190,UKR,F,1984,WGM,2235,2079,2240,wi,Hrabinska, Myroslava
14105551,UKR,F,1984,WGM,2232,2277,1925,wi,Cherednichenko, Svetlana
14109794,UKR,F,1985,WGM,2231,1931,2207,wi,Areshchenko, Kateryna
14112035,UKR,F,1984,WGM,2229,2234,2153,wa,Doluhanova, Evgeniya
14117258,UKR,F,1989,WGM,2228,2238,2304,wa,Babiy, Olga
14107244,UKR,F,1988,WGM,2227,2167,2203,wi,Arutyunova, Diana
14112116,UKR,F,1983,International_Master,2226,1931,1925,wi,Kostiukova, Liubov
14101530,UKR,F,1974,WGM,2225,1931,1925,wi,Lymar, Irina
14100460,UKR,F,1951,WGM,2209,1931,1925,wi,Semenova, Lidia K
14105071,UKR,F,1982,WGM,2204,1931,1925,wi,Karlovich, Anastazia
14103729,UKR,F,1983,WGM,2193,2152,2207,wa,Redko, Alyona
4137728,UKR,F,1982,WGM,2183,2179,2227,wa,Suleimanova, Ava
4124251,UKR,F,1960,WGM,2178,2117,2183,wa,Ruchieva, Natalia
14108917,UKR,F,1988,WGM,2138,2189,2205,wa,Kryvoruchko, Vita
14116553,UKR,F,1988,WGM,2128,2141,1925,wa,Huda, Maryana
14110563,UKR,F,1985,WGM,2076,2094,1961,wi,Vovk, Anastasiia
2012782,USA,F,1983,Grand_Master,2429,2392,2342,wa,Krush, Irina
2090732,USA,F,2003,International_Master,2421,1931,1708,wa,Yip, Carissa
14101572,USA,F,1978,International_Master,2420,2327,2331,wa,Zatonskih, Anna
2005956,USA,F,1954,WGM,2405,1931,1925,wi,Levitina, Irina
2053900,USA,F,2002,International_Master,2384,1931,2037,wa,Wang, Annie
13603620,USA,F,1993,International_Master,2374,2402,2314,wi,Paikidze, Nazi
13301918,USA,F,1988,WGM,2358,1931,2352,wa,Abrahamyan, Tatev
322750,USA,F,1990,WGM,2331,2276,2361,wi,Nemcova, Katerina
2011905,USA,F,1980,WGM,2322,1931,2294,wi,Shahade, Jennifer
2078341,USA,F,2002,FIDE_Master,2315,1862,1920,wa,Yu, Jennifer
3520498,USA,F,2002,FIDE_Master,2311,1936,2021,wa,Cervantes Landeiro, Thalia
2000784,USA,F,1957,WGM,2310,2287,1925,wi,Akhsharumova, Anna
13601105,USA,F,1980,International_Master,2278,1931,1925,wi,Goletiani, Rusudan
13503189,USA,F,1985,WGM,2276,2245,2261,wi,Sharevich, Anna
2801590,USA,F,1975,WGM,2275,1931,1925,wi,Gershnik, Anna
12500330,USA,F,1998,International_Master,2270,2029,2111,wa,Derakhshani, Dorsa
14107503,USA,F,1984,WGM,2267,1931,2321,wi,Rohonyan, Katerina
2072505,USA,F,2002,FIDE_Master,2242,2215,2144,wi,Gorti, Akshita
1212915,USA,F,1989,WGM,2228,2312,2240,wa,Foisor, Sabina-Francesca
2019558,USA,F,1953,WGM,2221,1931,1925,wi,Grinfeld, Alla B
3507041,USA,F,1987,WGM,2218,1931,2276,wi,Vigoa Apecheche, Yanira
2022613,USA,F,1991,FIDE_Master,2194,2139,2117,wa,Melekhina, Alisa
2008599,USA,F,1969,WGM,2153,1931,2236,wa,Belakovskaia, Anjelina
2078090,USA,F,2000,FIDE_Master,2138,1931,1860,wi,FGBR, Maggie
14203626,UZB,F,1999,WGM,2378,2330,2236,wa,Tokhirjonova, Gulrukhbegim
14201526,UZB,F,1990,WGM,2274,2325,2258,wi,Muminova, Nafisa
14201437,UZB,F,1990,WGM,2245,2126,2246,wa,Gevorgyan, Irina
14201780,UZB,F,1994,WGM,2234,2129,2054,wa,Kurbonboeva, Sarvinoz
14200627,UZB,F,1969,WGM,2118,1931,1925,wi,Krjuchkova, Elena
3900754,VEN,F,1981,International_Master,2112,2087,1989,wi,Sanchez Castillo, Sarai Carolina
12401226,VNM,F,1987,International_Master,2366,2377,2325,wa,Pham, Le Thao Nguyen
12401838,VNM,F,1993,WGM,2344,2208,2291,wa,Vo, Thi Kim Phung
12401102,VNM,F,1987,WGM,2288,2322,2280,wa,Hoang, Thi Bao Tram
12400300,VNM,F,1976,WGM,2285,2220,2119,wa,Nguyen, Thi Thanh An
12401676,VNM,F,1994,WGM,2258,2271,2129,wa,Nguyen, Thi Mai Hung
12401005,VNM,F,1985,WGM,2173,2178,2191,wa,Le, Thanh Tu